state,district,flood_probability,risk_level,rainfall_1d,rainfall_3d,rainfall_7d,rainfall_30d,rainfall_ml_probability,weather_probability,satellite_probability,final_flood_probability,alert,alert_priority,prediction_confidence,risk_evidence,alert_message
Rajasthan,Karauli,0.7436217485261879,HIGH,33.814995,526.3100249999995,666.4850247,7883.764822700001,0.743622,0.0,0.0,0.743622,True,2,MEDIUM,strong rainfall ML signal (74.4%),"HIGH flood risk detected in Karauli, Rajasthan. Probability: 74.4%. Confidence: MEDIUM. Evidence: strong rainfall ML signal (74.4%)."
Bihar,Siwan,0.7435493404733385,HIGH,14.774998,749.3999980000003,859.8899979999995,6509.5699415,0.743549,0.0,0.0,0.743549,True,2,MEDIUM,strong rainfall ML signal (74.4%),"HIGH flood risk detected in Siwan, Bihar. Probability: 74.4%. Confidence: MEDIUM. Evidence: strong rainfall ML signal (74.4%)."
Rajasthan,Dhaulpur,0.7422370647599058,HIGH,25.585001,373.800001,572.2850000039997,6785.249765904,0.742237,0.0,0.0,0.742237,True,2,MEDIUM,strong rainfall ML signal (74.2%),"HIGH flood risk detected in Dhaulpur, Rajasthan. Probability: 74.2%. Confidence: MEDIUM. Evidence: strong rainfall ML signal (74.2%)."
Arunachal Pradesh,Upper Dibang Valley,0.7415100702287214,HIGH,25.380001,225.33999100000057,471.57998129999976,4823.3698313,0.74151,0.0,0.0,0.74151,True,2,MEDIUM,strong rainfall ML signal (74.2%),"HIGH flood risk detected in Upper Dibang Valley, Arunachal Pradesh. Probability: 74.2%. Confidence: MEDIUM. Evidence: strong rainfall ML signal (74.2%)."
Madhya Pradesh,Tikamgarh,0.7399848414835876,HIGH,11.205001,640.0500009999995,705.9649979999999,6739.6098852000005,0.739985,0.0,0.0,0.739985,True,2,MEDIUM,strong rainfall ML signal (74.0%),"HIGH flood risk detected in Tikamgarh, Madhya Pradesh. Probability: 74.0%. Confidence: MEDIUM. Evidence: strong rainfall ML signal (74.0%)."
Madhya Pradesh,Bhind,0.7395784083805823,HIGH,72.104996,866.7849960000002,1095.304994,9842.654861,0.739578,0.0,0.0,0.739578,True,2,MEDIUM,strong rainfall ML signal (74.0%),"HIGH flood risk detected in Bhind, Madhya Pradesh. Probability: 74.0%. Confidence: MEDIUM. Evidence: strong rainfall ML signal (74.0%)."
Assam,Dibrugarh,0.7393726377663253,HIGH,39.004997,597.7449770000001,707.1049669999996,7547.55987,0.739373,0.0,0.0,0.739373,True,2,MEDIUM,strong rainfall ML signal (73.9%),"HIGH flood risk detected in Dibrugarh, Assam. Probability: 73.9%. Confidence: MEDIUM. Evidence: strong rainfall ML signal (73.9%)."
Sikkim,North Sikkim,0.7360303714918085,HIGH,198.705,579.9750000000005,646.6999999,8047.7249066,0.73603,0.0,0.0,0.73603,True,2,MEDIUM,strong rainfall ML signal (73.6%),"HIGH flood risk detected in North Sikkim, Sikkim. Probability: 73.6%. Confidence: MEDIUM. Evidence: strong rainfall ML signal (73.6%)."
Chhattisgarh,Kawardha,0.7352911128162591,HIGH,172.75,1163.12,1259.0699959,6344.0948409,0.735291,0.0,0.0,0.735291,True,2,MEDIUM,strong rainfall ML signal (73.5%),"HIGH flood risk detected in Kawardha, Chhattisgarh. Probability: 73.5%. Confidence: MEDIUM. Evidence: strong rainfall ML signal (73.5%)."
Madhya Pradesh,Balaghat,0.7346103802146158,HIGH,311.09,931.1900049999996,1019.8600040000006,4726.235033,0.73461,0.0,0.0,0.73461,True,2,MEDIUM,strong rainfall ML signal (73.5%),"HIGH flood risk detected in Balaghat, Madhya Pradesh. Probability: 73.5%. Confidence: MEDIUM. Evidence: strong rainfall ML signal (73.5%)."
Mizoram,Champhai,0.7339730967599148,HIGH,161.17,1255.69998,1442.6899849999998,8378.889847,0.733973,0.0,0.0,0.733973,True,2,MEDIUM,strong rainfall ML signal (73.4%),"HIGH flood risk detected in Champhai, Mizoram. Probability: 73.4%. Confidence: MEDIUM. Evidence: strong rainfall ML signal (73.4%)."
Uttar Pradesh,Azamgarh,0.7336711265466083,HIGH,38.315,628.3849500000006,787.5999500000003,6144.75478,0.733671,0.0,0.0,0.733671,True,2,MEDIUM,strong rainfall ML signal (73.4%),"HIGH flood risk detected in Azamgarh, Uttar Pradesh. Probability: 73.4%. Confidence: MEDIUM. Evidence: strong rainfall ML signal (73.4%)."
Orissa,Keonjhar,0.7327947721978245,HIGH,213.85999,882.8399899999998,1021.534988,6123.709870000001,0.732795,0.0,0.0,0.732795,True,2,MEDIUM,strong rainfall ML signal (73.3%),"HIGH flood risk detected in Keonjhar, Orissa. Probability: 73.3%. Confidence: MEDIUM. Evidence: strong rainfall ML signal (73.3%)."
Gujarat,Navsari,0.732628228060506,HIGH,391.055,705.6099800000002,839.7749759,4774.9849315,0.732628,0.0,0.0,0.732628,True,2,MEDIUM,strong rainfall ML signal (73.3%),"HIGH flood risk detected in Navsari, Gujarat. Probability: 73.3%. Confidence: MEDIUM. Evidence: strong rainfall ML signal (73.3%)."
Bihar,Purnia,0.731755094744771,HIGH,76.43,1027.8250000000007,1162.8349999999998,7345.784917,0.731755,0.0,0.0,0.731755,True,2,MEDIUM,strong rainfall ML signal (73.2%),"HIGH flood risk detected in Purnia, Bihar. Probability: 73.2%. Confidence: MEDIUM. Evidence: strong rainfall ML signal (73.2%)."
Gujarat,Rajkot,0.731561790713704,HIGH,110.635,898.6200300000008,1179.240021000001,8609.334964,0.731562,0.0,0.0,0.731562,True,2,MEDIUM,strong rainfall ML signal (73.2%),"HIGH flood risk detected in Rajkot, Gujarat. Probability: 73.2%. Confidence: MEDIUM. Evidence: strong rainfall ML signal (73.2%)."
West Bengal,North 24 Parganas,0.7309406348343687,HIGH,156.555,987.0100000000014,1145.2449949999996,8017.939965,0.730941,0.0,0.0,0.730941,True,2,MEDIUM,strong rainfall ML signal (73.1%),"HIGH flood risk detected in North 24 Parganas, West Bengal. Probability: 73.1%. Confidence: MEDIUM. Evidence: strong rainfall ML signal (73.1%)."
Nagaland,Kohima,0.7305885078258052,HIGH,21.965,827.51993,977.88493,7575.0547844,0.730589,0.0,0.0,0.730589,True,2,MEDIUM,strong rainfall ML signal (73.1%),"HIGH flood risk detected in Kohima, Nagaland. Probability: 73.1%. Confidence: MEDIUM. Evidence: strong rainfall ML signal (73.1%)."
Uttaranchal,Chamoli,0.729696485726155,HIGH,40.295,797.0250000000013,973.1899959999988,7074.369959,0.729696,0.0,0.0,0.729696,True,2,MEDIUM,strong rainfall ML signal (73.0%),"HIGH flood risk detected in Chamoli, Uttaranchal. Probability: 73.0%. Confidence: MEDIUM. Evidence: strong rainfall ML signal (73.0%)."
West Bengal,Nadia,0.7290072544783315,HIGH,53.96,696.30498,800.194973,4567.2148075000005,0.729007,0.0,0.0,0.729007,True,2,MEDIUM,strong rainfall ML signal (72.9%),"HIGH flood risk detected in Nadia, West Bengal. Probability: 72.9%. Confidence: MEDIUM. Evidence: strong rainfall ML signal (72.9%)."
Haryana,Jhajjar,0.7287877618504788,HIGH,50.53,441.5199899999999,604.4549899,4620.9049199,0.728788,0.0,0.0,0.728788,True,2,MEDIUM,strong rainfall ML signal (72.9%),"HIGH flood risk detected in Jhajjar, Haryana. Probability: 72.9%. Confidence: MEDIUM. Evidence: strong rainfall ML signal (72.9%)."
Gujarat,Panch Mahals,0.7279787189268387,HIGH,56.375,1075.8399400000003,1234.1399400000005,7910.739875599999,0.727979,0.0,0.0,0.727979,True,2,MEDIUM,strong rainfall ML signal (72.8%),"HIGH flood risk detected in Panch Mahals, Gujarat. Probability: 72.8%. Confidence: MEDIUM. Evidence: strong rainfall ML signal (72.8%)."
Madhya Pradesh,Morena,0.7277898422088953,HIGH,127.395,665.68504,802.6700399800004,8707.684751980001,0.72779,0.0,0.0,0.72779,True,2,MEDIUM,strong rainfall ML signal (72.8%),"HIGH flood risk detected in Morena, Madhya Pradesh. Probability: 72.8%. Confidence: MEDIUM. Evidence: strong rainfall ML signal (72.8%)."
Gujarat,Amreli,0.7268445354344619,HIGH,82.56,789.6399999999994,1174.859998,17761.064934,0.726845,0.0,0.0,0.726845,True,2,MEDIUM,strong rainfall ML signal (72.7%),"HIGH flood risk detected in Amreli, Gujarat. Probability: 72.7%. Confidence: MEDIUM. Evidence: strong rainfall ML signal (72.7%)."
Mizoram,Mamit,0.726080912898596,HIGH,37.17,1049.1950000000004,1157.929999,6930.3948378000005,0.726081,0.0,0.0,0.726081,True,2,MEDIUM,strong rainfall ML signal (72.6%),"HIGH flood risk detected in Mamit, Mizoram. Probability: 72.6%. Confidence: MEDIUM. Evidence: strong rainfall ML signal (72.6%)."
Mizoram,Aizawl,0.7259952074647587,HIGH,28.530003,1035.874943000001,1181.039943,8255.244827999999,0.725995,0.0,0.0,0.725995,True,2,MEDIUM,strong rainfall ML signal (72.6%),"HIGH flood risk detected in Aizawl, Mizoram. Probability: 72.6%. Confidence: MEDIUM. Evidence: strong rainfall ML signal (72.6%)."
Tripura,West Tripura,0.7257619460545846,HIGH,41.055,1079.795,1234.709995,8443.22974,0.725762,0.0,0.0,0.725762,True,2,MEDIUM,strong rainfall ML signal (72.6%),"HIGH flood risk detected in West Tripura, Tripura. Probability: 72.6%. Confidence: MEDIUM. Evidence: strong rainfall ML signal (72.6%)."
Uttar Pradesh,Kanpur Dehat,0.7253138407553748,HIGH,69.865,886.1199799999991,992.1849800000002,8160.889729,0.725314,0.0,0.0,0.725314,True,2,MEDIUM,strong rainfall ML signal (72.5%),"HIGH flood risk detected in Kanpur Dehat, Uttar Pradesh. Probability: 72.5%. Confidence: MEDIUM. Evidence: strong rainfall ML signal (72.5%)."
West Bengal,West Midnapore,0.7249915501611858,HIGH,116.725,1670.2499799999991,1939.719989999999,19348.089665,0.724992,0.0,0.0,0.724992,True,2,MEDIUM,strong rainfall ML signal (72.5%),"HIGH flood risk detected in West Midnapore, West Bengal. Probability: 72.5%. Confidence: MEDIUM. Evidence: strong rainfall ML signal (72.5%)."
Uttar Pradesh,Badaun,0.7238696395379485,HIGH,65.145,331.455006,406.2350059000001,4159.6199149,0.72387,0.0,0.0,0.72387,True,2,MEDIUM,strong rainfall ML signal (72.4%),"HIGH flood risk detected in Badaun, Uttar Pradesh. Probability: 72.4%. Confidence: MEDIUM. Evidence: strong rainfall ML signal (72.4%)."
Bihar,Muzaffarpur,0.7231468408860607,HIGH,17.045,763.1250000000007,1040.24,8358.5848955,0.723147,0.0,0.0,0.723147,True,2,MEDIUM,strong rainfall ML signal (72.3%),"HIGH flood risk detected in Muzaffarpur, Bihar. Probability: 72.3%. Confidence: MEDIUM. Evidence: strong rainfall ML signal (72.3%)."
Uttaranchal,Pithoragarh,0.7230457074894682,HIGH,67.549995,821.8549750000004,1058.0449709999996,6599.46984,0.723046,0.0,0.0,0.723046,True,2,MEDIUM,strong rainfall ML signal (72.3%),"HIGH flood risk detected in Pithoragarh, Uttaranchal. Probability: 72.3%. Confidence: MEDIUM. Evidence: strong rainfall ML signal (72.3%)."
Jharkhand,Dumka,0.7215589805605336,HIGH,18.305,820.8399999999999,941.7349998000004,7032.97489982,0.721559,0.0,0.0,0.721559,True,2,MEDIUM,strong rainfall ML signal (72.2%),"HIGH flood risk detected in Dumka, Jharkhand. Probability: 72.2%. Confidence: MEDIUM. Evidence: strong rainfall ML signal (72.2%)."
Andhra Pradesh,East Godavari,0.7213120430592836,HIGH,13.77,132.1299999999991,791.919979,4497.0449829,0.721312,0.0,0.0,0.721312,True,2,MEDIUM,strong rainfall ML signal (72.1%),"HIGH flood risk detected in East Godavari, Andhra Pradesh. Probability: 72.1%. Confidence: MEDIUM. Evidence: strong rainfall ML signal (72.1%)."
Jharkhand,Pashchim Singhbhum,0.7212100897675652,HIGH,66.725,1715.445,1912.544999,17898.664589,0.72121,0.0,0.0,0.72121,True,2,MEDIUM,strong rainfall ML signal (72.1%),"HIGH flood risk detected in Pashchim Singhbhum, Jharkhand. Probability: 72.1%. Confidence: MEDIUM. Evidence: strong rainfall ML signal (72.1%)."
Manipur,Senapati,0.7208635990778263,HIGH,52.25,709.8699999999999,875.5849893000002,5872.6049653,0.720864,0.0,0.0,0.720864,True,2,MEDIUM,strong rainfall ML signal (72.1%),"HIGH flood risk detected in Senapati, Manipur. Probability: 72.1%. Confidence: MEDIUM. Evidence: strong rainfall ML signal (72.1%)."
Meghalaya,West Garo Hills,0.7194962653597259,HIGH,83.81,962.4699999999998,1054.249998,5948.334846,0.719496,0.0,0.0,0.719496,True,2,MEDIUM,strong rainfall ML signal (71.9%),"HIGH flood risk detected in West Garo Hills, Meghalaya. Probability: 71.9%. Confidence: MEDIUM. Evidence: strong rainfall ML signal (71.9%)."
Uttar Pradesh,Sultanpur,0.7193496627653075,HIGH,92.52,986.2449699999992,1301.1799699899989,11397.47481979,0.71935,0.0,0.0,0.71935,True,2,MEDIUM,strong rainfall ML signal (71.9%),"HIGH flood risk detected in Sultanpur, Uttar Pradesh. Probability: 71.9%. Confidence: MEDIUM. Evidence: strong rainfall ML signal (71.9%)."
Maharashtra,Nashik,0.7193373491414876,HIGH,391.505,932.4399680000004,1141.0899539999996,5948.6898611,0.719337,0.0,0.0,0.719337,True,2,MEDIUM,strong rainfall ML signal (71.9%),"HIGH flood risk detected in Nashik, Maharashtra. Probability: 71.9%. Confidence: MEDIUM. Evidence: strong rainfall ML signal (71.9%)."
Meghalaya,East Garo Hills,0.7190835362266209,HIGH,43.14,681.0549799999997,892.4499736000005,7560.589754,0.719084,0.0,0.0,0.719084,True,2,MEDIUM,strong rainfall ML signal (71.9%),"HIGH flood risk detected in East Garo Hills, Meghalaya. Probability: 71.9%. Confidence: MEDIUM. Evidence: strong rainfall ML signal (71.9%)."
Rajasthan,Rajsamand,0.7184509364403396,HIGH,17.145,896.0549700000006,1054.484963969999,9328.79986817,0.718451,0.0,0.0,0.718451,True,2,MEDIUM,strong rainfall ML signal (71.8%),"HIGH flood risk detected in Rajsamand, Rajasthan. Probability: 71.8%. Confidence: MEDIUM. Evidence: strong rainfall ML signal (71.8%)."
Uttar Pradesh,Bulandshahr,0.7180799726013107,HIGH,112.865,641.4099799999997,799.9349688,6011.8798888,0.71808,0.0,0.0,0.71808,True,2,MEDIUM,strong rainfall ML signal (71.8%),"HIGH flood risk detected in Bulandshahr, Uttar Pradesh. Probability: 71.8%. Confidence: MEDIUM. Evidence: strong rainfall ML signal (71.8%)."
Chhattisgarh,Janjgir-Champa,0.7177346896188339,HIGH,178.08499,596.59001,661.60001,4781.9799082,0.717735,0.0,0.0,0.717735,True,2,MEDIUM,strong rainfall ML signal (71.8%),"HIGH flood risk detected in Janjgir-Champa, Chhattisgarh. Probability: 71.8%. Confidence: MEDIUM. Evidence: strong rainfall ML signal (71.8%)."
Uttar Pradesh,Unnao,0.7172744240266798,HIGH,25.229998,335.0050030000008,496.449998998,7149.884822998,0.717274,0.0,0.0,0.717274,True,2,MEDIUM,strong rainfall ML signal (71.7%),"HIGH flood risk detected in Unnao, Uttar Pradesh. Probability: 71.7%. Confidence: MEDIUM. Evidence: strong rainfall ML signal (71.7%)."
Orissa,Nuapada,0.7171734374929657,HIGH,371.27997,927.394964,1133.0549639999992,7671.709738,0.717173,0.0,0.0,0.717173,True,2,MEDIUM,strong rainfall ML signal (71.7%),"HIGH flood risk detected in Nuapada, Orissa. Probability: 71.7%. Confidence: MEDIUM. Evidence: strong rainfall ML signal (71.7%)."
West Bengal,East Midnapore,0.7161105624586587,HIGH,260.58,1331.1500000000003,1474.18,10318.039734,0.716111,0.0,0.0,0.716111,True,2,MEDIUM,strong rainfall ML signal (71.6%),"HIGH flood risk detected in East Midnapore, West Bengal. Probability: 71.6%. Confidence: MEDIUM. Evidence: strong rainfall ML signal (71.6%)."
Uttaranchal,Tehri Garhwal,0.7160860982161619,HIGH,57.964996,977.7649960000005,1175.0149958000002,5760.4849128,0.716086,0.0,0.0,0.716086,True,2,MEDIUM,strong rainfall ML signal (71.6%),"HIGH flood risk detected in Tehri Garhwal, Uttaranchal. Probability: 71.6%. Confidence: MEDIUM. Evidence: strong rainfall ML signal (71.6%)."
Maharashtra,Kolhapur,0.7139697952647969,HIGH,276.73502,571.3350199999995,954.6900190000006,4695.410003880001,0.71397,0.0,0.0,0.71397,True,2,MEDIUM,strong rainfall ML signal (71.4%),"HIGH flood risk detected in Kolhapur, Maharashtra. Probability: 71.4%. Confidence: MEDIUM. Evidence: strong rainfall ML signal (71.4%)."
Meghalaya,Jaintia Hills,0.7137766612943244,HIGH,52.425,521.6949699999997,626.7399689499998,4828.49985805,0.713777,0.0,0.0,0.713777,True,2,MEDIUM,strong rainfall ML signal (71.4%),"HIGH flood risk detected in Jaintia Hills, Meghalaya. Probability: 71.4%. Confidence: MEDIUM. Evidence: strong rainfall ML signal (71.4%)."
Rajasthan,Kota,0.7137522311486751,HIGH,34.144997,1169.899957,1289.8449508999995,10588.6898216,0.713752,0.0,0.0,0.713752,True,2,MEDIUM,strong rainfall ML signal (71.4%),"HIGH flood risk detected in Kota, Rajasthan. Probability: 71.4%. Confidence: MEDIUM. Evidence: strong rainfall ML signal (71.4%)."
Arunachal Pradesh,Tawang,0.7137087823294367,HIGH,17.05,266.8349899999993,338.474989676,4925.149939476,0.713709,0.0,0.0,0.713709,True,2,MEDIUM,strong rainfall ML signal (71.4%),"HIGH flood risk detected in Tawang, Arunachal Pradesh. Probability: 71.4%. Confidence: MEDIUM. Evidence: strong rainfall ML signal (71.4%)."
Arunachal Pradesh,West Kameng,0.710659037945824,HIGH,234.635,849.2699799999999,924.3099798000007,8808.0498838,0.710659,0.0,0.0,0.710659,True,2,MEDIUM,strong rainfall ML signal (71.1%),"HIGH flood risk detected in West Kameng, Arunachal Pradesh. Probability: 71.1%. Confidence: MEDIUM. Evidence: strong rainfall ML signal (71.1%)."
Uttar Pradesh,Auraiya,0.709567487962678,HIGH,2.435,214.9499950000004,333.449995004,4916.959892074,0.709567,0.0,0.0,0.709567,True,2,MEDIUM,strong rainfall ML signal (71.0%),"HIGH flood risk detected in Auraiya, Uttar Pradesh. Probability: 71.0%. Confidence: MEDIUM. Evidence: strong rainfall ML signal (71.0%)."
Tripura,Dhalai,0.7080991135026641,HIGH,24.595,947.2649300000002,1082.5449299999998,5701.489819699999,0.708099,0.0,0.0,0.708099,True,2,MEDIUM,strong rainfall ML signal (70.8%),"HIGH flood risk detected in Dhalai, Tripura. Probability: 70.8%. Confidence: MEDIUM. Evidence: strong rainfall ML signal (70.8%)."
Madhya Pradesh,Jhabua,0.7073316285319584,HIGH,191.08,1558.5500000000006,1802.8899900000004,10086.099845,0.707332,0.0,0.0,0.707332,True,2,MEDIUM,strong rainfall ML signal (70.7%),"HIGH flood risk detected in Jhabua, Madhya Pradesh. Probability: 70.7%. Confidence: MEDIUM. Evidence: strong rainfall ML signal (70.7%)."
Assam,North Cachar Hills,0.7065780939210087,HIGH,128.00499,1217.7699900000007,1379.22498388,8838.90993888,0.706578,0.0,0.0,0.706578,True,2,MEDIUM,strong rainfall ML signal (70.7%),"HIGH flood risk detected in North Cachar Hills, Assam. Probability: 70.7%. Confidence: MEDIUM. Evidence: strong rainfall ML signal (70.7%)."
Rajasthan,Jhalawar,0.7061228755451893,HIGH,100.71999,1389.6549299999997,1558.134918,6881.714820499999,0.706123,0.0,0.0,0.706123,True,2,MEDIUM,strong rainfall ML signal (70.6%),"HIGH flood risk detected in Jhalawar, Rajasthan. Probability: 70.6%. Confidence: MEDIUM. Evidence: strong rainfall ML signal (70.6%)."
Tripura,South Tripura,0.7060336210885257,HIGH,161.615,682.8149700000001,783.129968,4340.3949378,0.706034,0.0,0.0,0.706034,True,2,MEDIUM,strong rainfall ML signal (70.6%),"HIGH flood risk detected in South Tripura, Tripura. Probability: 70.6%. Confidence: MEDIUM. Evidence: strong rainfall ML signal (70.6%)."
Jharkhand,Deoghar,0.7058189167223978,HIGH,5.455,361.8200200000002,393.69501902000025,5162.1199978,0.705819,0.0,0.0,0.705819,True,2,MEDIUM,strong rainfall ML signal (70.6%),"HIGH flood risk detected in Deoghar, Jharkhand. Probability: 70.6%. Confidence: MEDIUM. Evidence: strong rainfall ML signal (70.6%)."
West Bengal,Uttar Dinajpur,0.7053462881695043,HIGH,97.155,562.6449799999997,686.69998002,5473.21989382,0.705346,0.0,0.0,0.705346,True,2,MEDIUM,strong rainfall ML signal (70.5%),"HIGH flood risk detected in Uttar Dinajpur, West Bengal. Probability: 70.5%. Confidence: MEDIUM. Evidence: strong rainfall ML signal (70.5%)."
Jharkhand,Dhanbad,0.704949975855986,HIGH,74.725,531.7049899999998,560.33998997,4830.06989447,0.70495,0.0,0.0,0.70495,True,2,MEDIUM,strong rainfall ML signal (70.5%),"HIGH flood risk detected in Dhanbad, Jharkhand. Probability: 70.5%. Confidence: MEDIUM. Evidence: strong rainfall ML signal (70.5%)."
Rajasthan,Pali,0.7025201445717478,HIGH,9.695001,692.6600210000009,806.6400205999992,6413.4148456,0.70252,0.0,0.0,0.70252,True,2,MEDIUM,strong rainfall ML signal (70.3%),"HIGH flood risk detected in Pali, Rajasthan. Probability: 70.3%. Confidence: MEDIUM. Evidence: strong rainfall ML signal (70.3%)."
Arunachal Pradesh,Papum Pare,0.7024730141384087,HIGH,47.109997,401.545007,465.1750067700001,4366.994966769999,0.702473,0.0,0.0,0.702473,True,2,MEDIUM,strong rainfall ML signal (70.2%),"HIGH flood risk detected in Papum Pare, Arunachal Pradesh. Probability: 70.2%. Confidence: MEDIUM. Evidence: strong rainfall ML signal (70.2%)."
Uttar Pradesh,Mau,0.6998494164193265,HIGH,104.505,488.57500000000016,602.5950003,4661.834885900001,0.699849,0.0,0.0,0.699849,True,2,MEDIUM,moderate rainfall ML signal (70.0%),"HIGH flood risk detected in Mau, Uttar Pradesh. Probability: 70.0%. Confidence: MEDIUM. Evidence: moderate rainfall ML signal (70.0%)."
Gujarat,The Dangs,0.6985582615202085,HIGH,418.77997,751.68497,851.1949648000002,4133.914942595,0.698558,0.0,0.0,0.698558,True,2,MEDIUM,moderate rainfall ML signal (69.9%),"HIGH flood risk detected in The Dangs, Gujarat. Probability: 69.9%. Confidence: MEDIUM. Evidence: moderate rainfall ML signal (69.9%)."
Maharashtra,Yavatmal,0.6979189739572156,HIGH,822.755,1346.81997,1541.1649673,5267.8099449,0.697919,0.0,0.0,0.697919,True,2,MEDIUM,moderate rainfall ML signal (69.8%),"HIGH flood risk detected in Yavatmal, Maharashtra. Probability: 69.8%. Confidence: MEDIUM. Evidence: moderate rainfall ML signal (69.8%)."
Orissa,Nayagarh,0.6965684702739706,HIGH,405.56,1449.33497,1744.944965,7640.0299154,0.696568,0.0,0.0,0.696568,True,2,MEDIUM,moderate rainfall ML signal (69.7%),"HIGH flood risk detected in Nayagarh, Orissa. Probability: 69.7%. Confidence: MEDIUM. Evidence: moderate rainfall ML signal (69.7%)."
Uttar Pradesh,Rae Bareli,0.6964529396297415,HIGH,111.744995,1003.3149150000006,1149.3049149999997,9770.934793,0.696453,0.0,0.0,0.696453,True,2,MEDIUM,moderate rainfall ML signal (69.6%),"HIGH flood risk detected in Rae Bareli, Uttar Pradesh. Probability: 69.6%. Confidence: MEDIUM. Evidence: moderate rainfall ML signal (69.6%)."
Bihar,Madhepura,0.6956483201995154,HIGH,52.56,463.5949999999999,573.9599999899999,3823.71497799,0.695648,0.0,0.0,0.695648,True,2,MEDIUM,moderate rainfall ML signal (69.6%),"HIGH flood risk detected in Madhepura, Bihar. Probability: 69.6%. Confidence: MEDIUM. Evidence: moderate rainfall ML signal (69.6%)."
Arunachal Pradesh,Changlang,0.6951239014967975,HIGH,90.56,506.5699999999996,612.7549998999988,8745.6698149,0.695124,0.0,0.0,0.695124,True,2,MEDIUM,moderate rainfall ML signal (69.5%),"HIGH flood risk detected in Changlang, Arunachal Pradesh. Probability: 69.5%. Confidence: MEDIUM. Evidence: moderate rainfall ML signal (69.5%)."
Uttar Pradesh,Bareilly,0.69461817841585,HIGH,118.52,578.7300000000002,701.9149943000002,7355.909966300001,0.694618,0.0,0.0,0.694618,True,2,MEDIUM,moderate rainfall ML signal (69.5%),"HIGH flood risk detected in Bareilly, Uttar Pradesh. Probability: 69.5%. Confidence: MEDIUM. Evidence: moderate rainfall ML signal (69.5%)."
Jharkhand,Garhwa,0.6943860298350448,HIGH,66.25,1700.0699000000002,1836.2399,10029.564702,0.694386,0.0,0.0,0.694386,True,2,MEDIUM,moderate rainfall ML signal (69.4%),"HIGH flood risk detected in Garhwa, Jharkhand. Probability: 69.4%. Confidence: MEDIUM. Evidence: moderate rainfall ML signal (69.4%)."
Meghalaya,West Khasi Hills,0.6937723668492304,HIGH,138.045,1312.90995,1514.73995,9623.719767,0.693772,0.0,0.0,0.693772,True,2,MEDIUM,moderate rainfall ML signal (69.4%),"HIGH flood risk detected in West Khasi Hills, Meghalaya. Probability: 69.4%. Confidence: MEDIUM. Evidence: moderate rainfall ML signal (69.4%)."
Arunachal Pradesh,Lower Subansiri,0.6900632803857283,HIGH,9.5199995,353.9099995000014,407.559999497,5629.459962497001,0.690063,0.0,0.0,0.690063,True,2,MEDIUM,moderate rainfall ML signal (69.0%),"HIGH flood risk detected in Lower Subansiri, Arunachal Pradesh. Probability: 69.0%. Confidence: MEDIUM. Evidence: moderate rainfall ML signal (69.0%)."
Gujarat,Ahmadabad,0.6896996090295643,HIGH,152.94499,1944.299950000001,2210.719934,11972.874718,0.6897,0.0,0.0,0.6897,True,2,MEDIUM,moderate rainfall ML signal (69.0%),"HIGH flood risk detected in Ahmadabad, Gujarat. Probability: 69.0%. Confidence: MEDIUM. Evidence: moderate rainfall ML signal (69.0%)."
Uttar Pradesh,Ballia,0.6869532089038358,HIGH,77.795,428.95999600000016,455.8149939499996,3212.4049409500003,0.686953,0.0,0.0,0.686953,True,2,MEDIUM,moderate rainfall ML signal (68.7%),"HIGH flood risk detected in Ballia, Uttar Pradesh. Probability: 68.7%. Confidence: MEDIUM. Evidence: moderate rainfall ML signal (68.7%)."
Andhra Pradesh,Vishakhapatnam,0.6867085026810079,HIGH,748.105,1911.675,2453.0600000000004,4891.3499823,0.686709,0.0,0.0,0.686709,True,2,MEDIUM,moderate rainfall ML signal (68.7%),"HIGH flood risk detected in Vishakhapatnam, Andhra Pradesh. Probability: 68.7%. Confidence: MEDIUM. Evidence: moderate rainfall ML signal (68.7%)."
Maharashtra,Dhule,0.6859414199650727,HIGH,264.47,1005.2200000000008,1335.2949990000006,17296.074519,0.685941,0.0,0.0,0.685941,True,2,MEDIUM,moderate rainfall ML signal (68.6%),"HIGH flood risk detected in Dhule, Maharashtra. Probability: 68.6%. Confidence: MEDIUM. Evidence: moderate rainfall ML signal (68.6%)."
Manipur,Ukhrul,0.6833749981604145,HIGH,70.395,530.7999899999999,590.9449884000003,3576.3349367,0.683375,0.0,0.0,0.683375,True,2,MEDIUM,moderate rainfall ML signal (68.3%),"HIGH flood risk detected in Ukhrul, Manipur. Probability: 68.3%. Confidence: MEDIUM. Evidence: moderate rainfall ML signal (68.3%)."
Uttar Pradesh,Lalitpur,0.6824486677923877,HIGH,260.65,2001.9450000000008,2182.874998,13533.67478,0.682449,0.0,0.0,0.682449,True,2,MEDIUM,moderate rainfall ML signal (68.2%),"HIGH flood risk detected in Lalitpur, Uttar Pradesh. Probability: 68.2%. Confidence: MEDIUM. Evidence: moderate rainfall ML signal (68.2%)."
Meghalaya,East Khasi Hills,0.6821887225406595,HIGH,68.03,537.1949959999997,575.2349959899999,3692.25489699,0.682189,0.0,0.0,0.682189,True,2,MEDIUM,moderate rainfall ML signal (68.2%),"HIGH flood risk detected in East Khasi Hills, Meghalaya. Probability: 68.2%. Confidence: MEDIUM. Evidence: moderate rainfall ML signal (68.2%)."
Meghalaya,Ri-Bhoi,0.677574688907802,HIGH,1.3399999,219.5899699,343.8599689,5341.42987985,0.677575,0.0,0.0,0.677575,True,2,MEDIUM,moderate rainfall ML signal (67.8%),"HIGH flood risk detected in Ri-Bhoi, Meghalaya. Probability: 67.8%. Confidence: MEDIUM. Evidence: moderate rainfall ML signal (67.8%)."
Gujarat,Jamnagar,0.6748657704022566,HIGH,33.195,155.8599959999991,350.53499559999995,3550.2048794,0.674866,0.0,0.0,0.674866,True,2,MEDIUM,moderate rainfall ML signal (67.5%),"HIGH flood risk detected in Jamnagar, Gujarat. Probability: 67.5%. Confidence: MEDIUM. Evidence: moderate rainfall ML signal (67.5%)."
Arunachal Pradesh,East Kameng,0.6741525533851533,HIGH,45.015,199.04000499999967,254.6700047,4373.8199732,0.674153,0.0,0.0,0.674153,True,2,MEDIUM,moderate rainfall ML signal (67.4%),"HIGH flood risk detected in East Kameng, Arunachal Pradesh. Probability: 67.4%. Confidence: MEDIUM. Evidence: moderate rainfall ML signal (67.4%)."
Madhya Pradesh,Neemuch,0.6683363587421977,HIGH,252.235,1830.4499,1975.219889,9503.599633,0.668336,0.0,0.0,0.668336,True,2,MEDIUM,moderate rainfall ML signal (66.8%),"HIGH flood risk detected in Neemuch, Madhya Pradesh. Probability: 66.8%. Confidence: MEDIUM. Evidence: moderate rainfall ML signal (66.8%)."
Chhattisgarh,Kanker,0.662860137167848,HIGH,916.44995,1762.85995,1994.63994997,6428.01487297,0.66286,0.0,0.0,0.66286,True,2,MEDIUM,moderate rainfall ML signal (66.3%),"HIGH flood risk detected in Kanker, Chhattisgarh. Probability: 66.3%. Confidence: MEDIUM. Evidence: moderate rainfall ML signal (66.3%)."
Punjab,Patiala,0.6597070397157827,HIGH,42.394997,784.159977,885.5449729999998,3384.024943,0.659707,0.0,0.0,0.659707,True,2,MEDIUM,moderate rainfall ML signal (66.0%),"HIGH flood risk detected in Patiala, Punjab. Probability: 66.0%. Confidence: MEDIUM. Evidence: moderate rainfall ML signal (66.0%)."
Rajasthan,Sirohi,0.659029118058872,HIGH,171.355,1506.8049599999997,1648.2349600000002,10402.354853,0.659029,0.0,0.0,0.659029,True,2,MEDIUM,moderate rainfall ML signal (65.9%),"HIGH flood risk detected in Sirohi, Rajasthan. Probability: 65.9%. Confidence: MEDIUM. Evidence: moderate rainfall ML signal (65.9%)."
Rajasthan,Ajmer,0.6584276131613536,HIGH,103.225,384.7400300000005,469.580029,5345.524902,0.658428,0.0,0.0,0.658428,True,2,MEDIUM,moderate rainfall ML signal (65.8%),"HIGH flood risk detected in Ajmer, Rajasthan. Probability: 65.8%. Confidence: MEDIUM. Evidence: moderate rainfall ML signal (65.8%)."
Bihar,Samastipur,0.6576179828383395,HIGH,59.94,481.4750040000002,512.9850039999999,3233.969972,0.657618,0.0,0.0,0.657618,True,2,MEDIUM,moderate rainfall ML signal (65.8%),"HIGH flood risk detected in Samastipur, Bihar. Probability: 65.8%. Confidence: MEDIUM. Evidence: moderate rainfall ML signal (65.8%)."
Madhya Pradesh,Guna,0.6565730046917451,HIGH,195.08,1421.66494,1538.5499398999998,11957.9847437,0.656573,0.0,0.0,0.656573,True,2,MEDIUM,moderate rainfall ML signal (65.7%),"HIGH flood risk detected in Guna, Madhya Pradesh. Probability: 65.7%. Confidence: MEDIUM. Evidence: moderate rainfall ML signal (65.7%)."
Madhya Pradesh,Shahdol,0.656512805465284,HIGH,122.175,247.85498600000005,275.4649854000001,3965.5148444,0.656513,0.0,0.0,0.656513,True,2,MEDIUM,moderate rainfall ML signal (65.7%),"HIGH flood risk detected in Shahdol, Madhya Pradesh. Probability: 65.7%. Confidence: MEDIUM. Evidence: moderate rainfall ML signal (65.7%)."
Bihar,Saharsa,0.6508783891877047,HIGH,65.29,401.82500000000016,467.8149997900001,3231.82496679,0.650878,0.0,0.0,0.650878,True,2,MEDIUM,moderate rainfall ML signal (65.1%),"HIGH flood risk detected in Saharsa, Bihar. Probability: 65.1%. Confidence: MEDIUM. Evidence: moderate rainfall ML signal (65.1%)."
West Bengal,Murshidabad,0.6480724098553595,HIGH,44.645,1902.7550000000003,2040.789997,13397.164824,0.648072,0.0,0.0,0.648072,True,2,MEDIUM,moderate rainfall ML signal (64.8%),"HIGH flood risk detected in Murshidabad, West Bengal. Probability: 64.8%. Confidence: MEDIUM. Evidence: moderate rainfall ML signal (64.8%)."
Karnataka,Mandya,0.6467552588296506,HIGH,116.795,279.67499999999967,414.66999600000025,2932.46499226,0.646755,0.0,0.0,0.646755,True,2,MEDIUM,moderate rainfall ML signal (64.7%),"HIGH flood risk detected in Mandya, Karnataka. Probability: 64.7%. Confidence: MEDIUM. Evidence: moderate rainfall ML signal (64.7%)."
Andhra Pradesh,Krishna,0.6444965524983958,HIGH,125.439995,645.639994999999,1366.8399829999998,12176.579974,0.644497,0.0,0.0,0.644497,True,2,MEDIUM,moderate rainfall ML signal (64.4%),"HIGH flood risk detected in Krishna, Andhra Pradesh. Probability: 64.4%. Confidence: MEDIUM. Evidence: moderate rainfall ML signal (64.4%)."
Andhra Pradesh,Khammam,0.6443895171111312,HIGH,304.13498,683.01001,1363.1850069999991,3590.80501303,0.64439,0.0,0.0,0.64439,True,2,MEDIUM,moderate rainfall ML signal (64.4%),"HIGH flood risk detected in Khammam, Andhra Pradesh. Probability: 64.4%. Confidence: MEDIUM. Evidence: moderate rainfall ML signal (64.4%)."
Orissa,Kalahandi,0.6412238324157823,HIGH,748.765,1397.98497,1579.8899670000003,4877.14990885,0.641224,0.0,0.0,0.641224,True,2,MEDIUM,moderate rainfall ML signal (64.1%),"HIGH flood risk detected in Kalahandi, Orissa. Probability: 64.1%. Confidence: MEDIUM. Evidence: moderate rainfall ML signal (64.1%)."
Jharkhand,Jamtara,0.6366075721660851,HIGH,23.994999,1666.884999,1746.4899988,6395.5999008,0.636608,0.0,0.0,0.636608,True,2,MEDIUM,moderate rainfall ML signal (63.7%),"HIGH flood risk detected in Jamtara, Jharkhand. Probability: 63.7%. Confidence: MEDIUM. Evidence: moderate rainfall ML signal (63.7%)."
Karnataka,Bijapur,0.6349590511866857,HIGH,279.41,1137.68,1884.1149900000005,13747.7197289,0.634959,0.0,0.0,0.634959,True,2,MEDIUM,moderate rainfall ML signal (63.5%),"HIGH flood risk detected in Bijapur, Karnataka. Probability: 63.5%. Confidence: MEDIUM. Evidence: moderate rainfall ML signal (63.5%)."
Gujarat,Gandhinagar,0.6300971064553919,HIGH,2.83,370.43999000000025,436.609988,4304.2149175,0.630097,0.0,0.0,0.630097,True,2,MEDIUM,moderate rainfall ML signal (63.0%),"HIGH flood risk detected in Gandhinagar, Gujarat. Probability: 63.0%. Confidence: MEDIUM. Evidence: moderate rainfall ML signal (63.0%)."
Madhya Pradesh,Rewa,0.6272219293896512,HIGH,1.775,447.11498,536.4399787999996,8507.129878140002,0.627222,0.0,0.0,0.627222,True,2,MEDIUM,moderate rainfall ML signal (62.7%),"HIGH flood risk detected in Rewa, Madhya Pradesh. Probability: 62.7%. Confidence: MEDIUM. Evidence: moderate rainfall ML signal (62.7%)."
Rajasthan,Dausa,0.6266505772033191,HIGH,44.71,275.61999999999995,334.10499700000014,4605.009854999999,0.626651,0.0,0.0,0.626651,True,2,MEDIUM,moderate rainfall ML signal (62.7%),"HIGH flood risk detected in Dausa, Rajasthan. Probability: 62.7%. Confidence: MEDIUM. Evidence: moderate rainfall ML signal (62.7%)."
West Bengal,South 24 Parganas,0.6263843394064805,HIGH,221.495,1400.0349,1647.0348849999996,16674.339548999997,0.626384,0.0,0.0,0.626384,True,2,MEDIUM,moderate rainfall ML signal (62.6%),"HIGH flood risk detected in South 24 Parganas, West Bengal. Probability: 62.6%. Confidence: MEDIUM. Evidence: moderate rainfall ML signal (62.6%)."
Maharashtra,Chandrapur,0.6224902463084736,HIGH,907.735,2029.9550000000004,2348.294996,8263.0449097,0.62249,0.0,0.0,0.62249,True,2,MEDIUM,moderate rainfall ML signal (62.2%),"HIGH flood risk detected in Chandrapur, Maharashtra. Probability: 62.2%. Confidence: MEDIUM. Evidence: moderate rainfall ML signal (62.2%)."
Orissa,Jagatsinghpur,0.6224037721206099,HIGH,53.545002,410.105002,516.3550065000002,3248.91487006,0.622404,0.0,0.0,0.622404,True,2,MEDIUM,moderate rainfall ML signal (62.2%),"HIGH flood risk detected in Jagatsinghpur, Orissa. Probability: 62.2%. Confidence: MEDIUM. Evidence: moderate rainfall ML signal (62.2%)."
Uttar Pradesh,Kanpur,0.6202992417575357,HIGH,9.44,214.74998999999968,358.06998980000014,3148.10997815,0.620299,0.0,0.0,0.620299,True,2,MEDIUM,moderate rainfall ML signal (62.0%),"HIGH flood risk detected in Kanpur, Uttar Pradesh. Probability: 62.0%. Confidence: MEDIUM. Evidence: moderate rainfall ML signal (62.0%)."
Tamil Nadu,Tiruvannamalai,0.6186704829798927,HIGH,201.44,325.3899960000002,714.9499857999999,3380.1348971,0.61867,0.0,0.0,0.61867,True,2,MEDIUM,moderate rainfall ML signal (61.9%),"HIGH flood risk detected in Tiruvannamalai, Tamil Nadu. Probability: 61.9%. Confidence: MEDIUM. Evidence: moderate rainfall ML signal (61.9%)."
Gujarat,Bhavnagar,0.616899357658443,HIGH,18.795002,279.5699920000023,459.1299815999996,12413.1248308,0.616899,0.0,0.0,0.616899,True,2,MEDIUM,moderate rainfall ML signal (61.7%),"HIGH flood risk detected in Bhavnagar, Gujarat. Probability: 61.7%. Confidence: MEDIUM. Evidence: moderate rainfall ML signal (61.7%)."
Maharashtra,Raigarh,0.6090102514079964,HIGH,668.605,1954.0249999999992,2196.6250045,4213.3099807,0.60901,0.0,0.0,0.60901,True,2,MEDIUM,moderate rainfall ML signal (60.9%),"HIGH flood risk detected in Raigarh, Maharashtra. Probability: 60.9%. Confidence: MEDIUM. Evidence: moderate rainfall ML signal (60.9%)."
Assam,Dhemaji,0.6014921504208187,HIGH,14.089999,179.33000400000023,240.4450034,4309.494970000001,0.601492,0.0,0.0,0.601492,True,2,MEDIUM,moderate rainfall ML signal (60.1%),"HIGH flood risk detected in Dhemaji, Assam. Probability: 60.1%. Confidence: MEDIUM. Evidence: moderate rainfall ML signal (60.1%)."
Gujarat,Mahesana,0.5973978517877656,HIGH,2.36,150.94000399999908,189.8450029799992,4252.45490688,0.597398,0.0,0.0,0.597398,True,2,MEDIUM,moderate rainfall ML signal (59.7%),"HIGH flood risk detected in Mahesana, Gujarat. Probability: 59.7%. Confidence: MEDIUM. Evidence: moderate rainfall ML signal (59.7%)."
Andhra Pradesh,Anantapur,0.595239856041257,HIGH,193.22499,564.67499,1638.029983,10842.1348917,0.59524,0.0,0.0,0.59524,True,2,MEDIUM,moderate rainfall ML signal (59.5%),"HIGH flood risk detected in Anantapur, Andhra Pradesh. Probability: 59.5%. Confidence: MEDIUM. Evidence: moderate rainfall ML signal (59.5%)."
Madhya Pradesh,Dhar,0.5940107172143597,HIGH,218.055,1730.065,1946.0650000000005,11692.37979,0.594011,0.0,0.0,0.594011,True,2,MEDIUM,moderate rainfall ML signal (59.4%),"HIGH flood risk detected in Dhar, Madhya Pradesh. Probability: 59.4%. Confidence: MEDIUM. Evidence: moderate rainfall ML signal (59.4%)."
Assam,Karbi Anglong,0.5939174489284524,HIGH,0.625,436.6949799999974,646.0899789900009,9607.40470689,0.593917,0.0,0.0,0.593917,True,2,MEDIUM,moderate rainfall ML signal (59.4%),"HIGH flood risk detected in Karbi Anglong, Assam. Probability: 59.4%. Confidence: MEDIUM. Evidence: moderate rainfall ML signal (59.4%)."
Bihar,Darbhanga,0.5915083902750277,HIGH,4.8399997,438.0649997000002,617.6899921999998,5664.919929500001,0.591508,0.0,0.0,0.591508,True,2,MEDIUM,moderate rainfall ML signal (59.2%),"HIGH flood risk detected in Darbhanga, Bihar. Probability: 59.2%. Confidence: MEDIUM. Evidence: moderate rainfall ML signal (59.2%)."
Haryana,Bhiwani,0.5882907607774591,HIGH,53.135002,375.9749920000005,547.2749910000005,11170.034673,0.588291,0.0,0.0,0.588291,True,2,MEDIUM,moderate rainfall ML signal (58.8%),"HIGH flood risk detected in Bhiwani, Haryana. Probability: 58.8%. Confidence: MEDIUM. Evidence: moderate rainfall ML signal (58.8%)."
Madhya Pradesh,Chhatarpur,0.5871644882720931,HIGH,112.58,2883.924899999998,3231.469899000001,17428.284491,0.587164,0.0,0.0,0.587164,True,2,MEDIUM,moderate rainfall ML signal (58.7%),"HIGH flood risk detected in Chhatarpur, Madhya Pradesh. Probability: 58.7%. Confidence: MEDIUM. Evidence: moderate rainfall ML signal (58.7%)."
Karnataka,Davanagere,0.580664396641514,HIGH,39.215,178.36,689.3799599999999,2631.0199657000003,0.580664,0.0,0.0,0.580664,True,2,MEDIUM,moderate rainfall ML signal (58.1%),"HIGH flood risk detected in Davanagere, Karnataka. Probability: 58.1%. Confidence: MEDIUM. Evidence: moderate rainfall ML signal (58.1%)."
Madhya Pradesh,Damoh,0.5805580318498544,HIGH,83.66499,380.63496999999927,400.4199697000013,2806.9848766,0.580558,0.0,0.0,0.580558,True,2,MEDIUM,moderate rainfall ML signal (58.1%),"HIGH flood risk detected in Damoh, Madhya Pradesh. Probability: 58.1%. Confidence: MEDIUM. Evidence: moderate rainfall ML signal (58.1%)."
Karnataka,Uttar Kannand,0.5802758182795369,HIGH,115.130005,342.92000500000006,825.7449848,7014.8998685,0.580276,0.0,0.0,0.580276,True,2,MEDIUM,moderate rainfall ML signal (58.0%),"HIGH flood risk detected in Uttar Kannand, Karnataka. Probability: 58.0%. Confidence: MEDIUM. Evidence: moderate rainfall ML signal (58.0%)."
Gujarat,Junagadh,0.5764824208163545,HIGH,746.065,1719.2249800000004,2013.194978,24226.224583,0.576482,0.0,0.0,0.576482,True,2,MEDIUM,moderate rainfall ML signal (57.6%),"HIGH flood risk detected in Junagadh, Gujarat. Probability: 57.6%. Confidence: MEDIUM. Evidence: moderate rainfall ML signal (57.6%)."
Maharashtra,Nanded,0.575109789462801,HIGH,548.68,1622.084999999999,2135.569990000001,14478.1696967,0.57511,0.0,0.0,0.57511,True,2,MEDIUM,moderate rainfall ML signal (57.5%),"HIGH flood risk detected in Nanded, Maharashtra. Probability: 57.5%. Confidence: MEDIUM. Evidence: moderate rainfall ML signal (57.5%)."
Maharashtra,Satara,0.5739522324687356,HIGH,0.0,49.82999800000012,581.8399949979997,4152.284955388,0.573952,0.0,0.0,0.573952,True,2,MEDIUM,moderate rainfall ML signal (57.4%),"HIGH flood risk detected in Satara, Maharashtra. Probability: 57.4%. Confidence: MEDIUM. Evidence: moderate rainfall ML signal (57.4%)."
Rajasthan,Ganganagar,0.5713247045382507,HIGH,11.785,119.8799949999991,206.7599946999977,7843.0600517,0.571325,0.0,0.0,0.571325,True,2,MEDIUM,moderate rainfall ML signal (57.1%),"HIGH flood risk detected in Ganganagar, Rajasthan. Probability: 57.1%. Confidence: MEDIUM. Evidence: moderate rainfall ML signal (57.1%)."
Orissa,Bolangir,0.5645617880881991,HIGH,115.185005,636.594995000002,1124.914975,15831.8296699,0.564562,0.0,0.0,0.564562,True,2,MEDIUM,moderate rainfall ML signal (56.5%),"HIGH flood risk detected in Bolangir, Orissa. Probability: 56.5%. Confidence: MEDIUM. Evidence: moderate rainfall ML signal (56.5%)."
Chhattisgarh,Korba,0.5618829436138335,HIGH,131.30998,2400.7199799999985,2644.499976,19112.174603,0.561883,0.0,0.0,0.561883,True,2,MEDIUM,moderate rainfall ML signal (56.2%),"HIGH flood risk detected in Korba, Chhattisgarh. Probability: 56.2%. Confidence: MEDIUM. Evidence: moderate rainfall ML signal (56.2%)."
Orissa,Malkangiri,0.5601524829404891,HIGH,1182.255,2298.575,2925.919977,9184.49982082,0.560152,0.0,0.0,0.560152,True,2,MEDIUM,moderate rainfall ML signal (56.0%),"HIGH flood risk detected in Malkangiri, Orissa. Probability: 56.0%. Confidence: MEDIUM. Evidence: moderate rainfall ML signal (56.0%)."
Maharashtra,Buldana,0.5584628558783659,HIGH,698.01,1523.44501,1783.6650079999988,12234.494754,0.558463,0.0,0.0,0.558463,True,2,MEDIUM,moderate rainfall ML signal (55.8%),"HIGH flood risk detected in Buldana, Maharashtra. Probability: 55.8%. Confidence: MEDIUM. Evidence: moderate rainfall ML signal (55.8%)."
Madhya Pradesh,Dindori,0.5582609010998033,HIGH,41.655003,1027.6099829999991,1167.064982,13943.2146588,0.558261,0.0,0.0,0.558261,True,2,MEDIUM,moderate rainfall ML signal (55.8%),"HIGH flood risk detected in Dindori, Madhya Pradesh. Probability: 55.8%. Confidence: MEDIUM. Evidence: moderate rainfall ML signal (55.8%)."
Jammu and Kashmir,Kathua,0.5557855780445521,HIGH,13.62,99.73500000000008,261.8300038,2973.2099948,0.555786,0.0,0.0,0.555786,True,2,MEDIUM,moderate rainfall ML signal (55.6%),"HIGH flood risk detected in Kathua, Jammu and Kashmir. Probability: 55.6%. Confidence: MEDIUM. Evidence: moderate rainfall ML signal (55.6%)."
Maharashtra,Akola,0.5527000136892721,HIGH,449.82498,1299.7899800000002,1593.3399899999995,12084.419784,0.5527,0.0,0.0,0.5527,True,2,MEDIUM,moderate rainfall ML signal (55.3%),"HIGH flood risk detected in Akola, Maharashtra. Probability: 55.3%. Confidence: MEDIUM. Evidence: moderate rainfall ML signal (55.3%)."
Uttar Pradesh,Deoria,0.5517714568931107,HIGH,0.60499996,126.85499795999954,253.4599979600009,3800.624972156,0.551771,0.0,0.0,0.551771,True,2,MEDIUM,moderate rainfall ML signal (55.2%),"HIGH flood risk detected in Deoria, Uttar Pradesh. Probability: 55.2%. Confidence: MEDIUM. Evidence: moderate rainfall ML signal (55.2%)."
Maharashtra,Ratnagiri,0.5501121883101612,HIGH,242.605,571.8650099999995,1306.969986,9241.18985,0.550112,0.0,0.0,0.550112,True,2,MEDIUM,moderate rainfall ML signal (55.0%),"HIGH flood risk detected in Ratnagiri, Maharashtra. Probability: 55.0%. Confidence: MEDIUM. Evidence: moderate rainfall ML signal (55.0%)."
