state,district,flood_probability,risk_level,rainfall_1d,rainfall_3d,rainfall_7d,rainfall_30d
Rajasthan,Karauli,0.7436217485261879,HIGH,33.814995,526.3100249999995,666.4850247,7883.764822700001
Bihar,Siwan,0.7435493404733385,HIGH,14.774998,749.3999980000003,859.8899979999995,6509.5699415
Rajasthan,Dhaulpur,0.7422370647599058,HIGH,25.585001,373.800001,572.2850000039997,6785.249765904
Arunachal Pradesh,Upper Dibang Valley,0.7415100702287214,HIGH,25.380001,225.33999100000057,471.57998129999976,4823.3698313
Madhya Pradesh,Tikamgarh,0.7399848414835876,HIGH,11.205001,640.0500009999995,705.9649979999999,6739.6098852000005
Madhya Pradesh,Bhind,0.7395784083805823,HIGH,72.104996,866.7849960000002,1095.304994,9842.654861
Assam,Dibrugarh,0.7393726377663253,HIGH,39.004997,597.7449770000001,707.1049669999996,7547.55987
Sikkim,North Sikkim,0.7360303714918085,HIGH,198.705,579.9750000000005,646.6999999,8047.7249066
Chhattisgarh,Kawardha,0.7352911128162591,HIGH,172.75,1163.12,1259.0699959,6344.0948409
Madhya Pradesh,Balaghat,0.7346103802146158,HIGH,311.09,931.1900049999996,1019.8600040000006,4726.235033
Mizoram,Champhai,0.7339730967599148,HIGH,161.17,1255.69998,1442.6899849999998,8378.889847
Uttar Pradesh,Azamgarh,0.7336711265466083,HIGH,38.315,628.3849500000006,787.5999500000003,6144.75478
Orissa,Keonjhar,0.7327947721978245,HIGH,213.85999,882.8399899999998,1021.534988,6123.709870000001
Gujarat,Navsari,0.732628228060506,HIGH,391.055,705.6099800000002,839.7749759,4774.9849315
Bihar,Purnia,0.731755094744771,HIGH,76.43,1027.8250000000007,1162.8349999999998,7345.784917
Gujarat,Rajkot,0.731561790713704,HIGH,110.635,898.6200300000008,1179.240021000001,8609.334964
West Bengal,North 24 Parganas,0.7309406348343687,HIGH,156.555,987.0100000000014,1145.2449949999996,8017.939965
Nagaland,Kohima,0.7305885078258052,HIGH,21.965,827.51993,977.88493,7575.0547844
Uttaranchal,Chamoli,0.729696485726155,HIGH,40.295,797.0250000000013,973.1899959999988,7074.369959
West Bengal,Nadia,0.7290072544783315,HIGH,53.96,696.30498,800.194973,4567.2148075000005
Haryana,Jhajjar,0.7287877618504788,HIGH,50.53,441.5199899999999,604.4549899,4620.9049199
Gujarat,Panch Mahals,0.7279787189268387,HIGH,56.375,1075.8399400000003,1234.1399400000005,7910.739875599999
Madhya Pradesh,Morena,0.7277898422088953,HIGH,127.395,665.68504,802.6700399800004,8707.684751980001
Gujarat,Amreli,0.7268445354344619,HIGH,82.56,789.6399999999994,1174.859998,17761.064934
Mizoram,Mamit,0.726080912898596,HIGH,37.17,1049.1950000000004,1157.929999,6930.3948378000005
Mizoram,Aizawl,0.7259952074647587,HIGH,28.530003,1035.874943000001,1181.039943,8255.244827999999
Tripura,West Tripura,0.7257619460545846,HIGH,41.055,1079.795,1234.709995,8443.22974
Uttar Pradesh,Kanpur Dehat,0.7253138407553748,HIGH,69.865,886.1199799999991,992.1849800000002,8160.889729
West Bengal,West Midnapore,0.7249915501611858,HIGH,116.725,1670.2499799999991,1939.719989999999,19348.089665
Uttar Pradesh,Badaun,0.7238696395379485,HIGH,65.145,331.455006,406.2350059000001,4159.6199149
Bihar,Muzaffarpur,0.7231468408860607,HIGH,17.045,763.1250000000007,1040.24,8358.5848955
Uttaranchal,Pithoragarh,0.7230457074894682,HIGH,67.549995,821.8549750000004,1058.0449709999996,6599.46984
Jharkhand,Dumka,0.7215589805605336,HIGH,18.305,820.8399999999999,941.7349998000004,7032.97489982
Andhra Pradesh,East Godavari,0.7213120430592836,HIGH,13.77,132.1299999999991,791.919979,4497.0449829
Jharkhand,Pashchim Singhbhum,0.7212100897675652,HIGH,66.725,1715.445,1912.544999,17898.664589
Manipur,Senapati,0.7208635990778263,HIGH,52.25,709.8699999999999,875.5849893000002,5872.6049653
Meghalaya,West Garo Hills,0.7194962653597259,HIGH,83.81,962.4699999999998,1054.249998,5948.334846
Uttar Pradesh,Sultanpur,0.7193496627653075,HIGH,92.52,986.2449699999992,1301.1799699899989,11397.47481979
Maharashtra,Nashik,0.7193373491414876,HIGH,391.505,932.4399680000004,1141.0899539999996,5948.6898611
Meghalaya,East Garo Hills,0.7190835362266209,HIGH,43.14,681.0549799999997,892.4499736000005,7560.589754
Rajasthan,Rajsamand,0.7184509364403396,HIGH,17.145,896.0549700000006,1054.484963969999,9328.79986817
Uttar Pradesh,Bulandshahr,0.7180799726013107,HIGH,112.865,641.4099799999997,799.9349688,6011.8798888
Chhattisgarh,Janjgir-Champa,0.7177346896188339,HIGH,178.08499,596.59001,661.60001,4781.9799082
Uttar Pradesh,Unnao,0.7172744240266798,HIGH,25.229998,335.0050030000008,496.449998998,7149.884822998
Orissa,Nuapada,0.7171734374929657,HIGH,371.27997,927.394964,1133.0549639999992,7671.709738
West Bengal,East Midnapore,0.7161105624586587,HIGH,260.58,1331.1500000000003,1474.18,10318.039734
Uttaranchal,Tehri Garhwal,0.7160860982161619,HIGH,57.964996,977.7649960000005,1175.0149958000002,5760.4849128
Maharashtra,Kolhapur,0.7139697952647969,HIGH,276.73502,571.3350199999995,954.6900190000006,4695.410003880001
Meghalaya,Jaintia Hills,0.7137766612943244,HIGH,52.425,521.6949699999997,626.7399689499998,4828.49985805
Rajasthan,Kota,0.7137522311486751,HIGH,34.144997,1169.899957,1289.8449508999995,10588.6898216
Arunachal Pradesh,Tawang,0.7137087823294367,HIGH,17.05,266.8349899999993,338.474989676,4925.149939476
Arunachal Pradesh,West Kameng,0.710659037945824,HIGH,234.635,849.2699799999999,924.3099798000007,8808.0498838
Uttar Pradesh,Auraiya,0.709567487962678,HIGH,2.435,214.9499950000004,333.449995004,4916.959892074
Tripura,Dhalai,0.7080991135026641,HIGH,24.595,947.2649300000002,1082.5449299999998,5701.489819699999
Madhya Pradesh,Jhabua,0.7073316285319584,HIGH,191.08,1558.5500000000006,1802.8899900000004,10086.099845
Assam,North Cachar Hills,0.7065780939210087,HIGH,128.00499,1217.7699900000007,1379.22498388,8838.90993888
Rajasthan,Jhalawar,0.7061228755451893,HIGH,100.71999,1389.6549299999997,1558.134918,6881.714820499999
Tripura,South Tripura,0.7060336210885257,HIGH,161.615,682.8149700000001,783.129968,4340.3949378
Jharkhand,Deoghar,0.7058189167223978,HIGH,5.455,361.8200200000002,393.69501902000025,5162.1199978
West Bengal,Uttar Dinajpur,0.7053462881695043,HIGH,97.155,562.6449799999997,686.69998002,5473.21989382
Jharkhand,Dhanbad,0.704949975855986,HIGH,74.725,531.7049899999998,560.33998997,4830.06989447
Rajasthan,Pali,0.7025201445717478,HIGH,9.695001,692.6600210000009,806.6400205999992,6413.4148456
Arunachal Pradesh,Papum Pare,0.7024730141384087,HIGH,47.109997,401.545007,465.1750067700001,4366.994966769999
Uttar Pradesh,Mau,0.6998494164193265,MEDIUM,104.505,488.57500000000016,602.5950003,4661.834885900001
Gujarat,The Dangs,0.6985582615202085,MEDIUM,418.77997,751.68497,851.1949648000002,4133.914942595
Maharashtra,Yavatmal,0.6979189739572156,MEDIUM,822.755,1346.81997,1541.1649673,5267.8099449
Orissa,Nayagarh,0.6965684702739706,MEDIUM,405.56,1449.33497,1744.944965,7640.0299154
Uttar Pradesh,Rae Bareli,0.6964529396297415,MEDIUM,111.744995,1003.3149150000006,1149.3049149999997,9770.934793
Bihar,Madhepura,0.6956483201995154,MEDIUM,52.56,463.5949999999999,573.9599999899999,3823.71497799
Arunachal Pradesh,Changlang,0.6951239014967975,MEDIUM,90.56,506.5699999999996,612.7549998999988,8745.6698149
Uttar Pradesh,Bareilly,0.69461817841585,MEDIUM,118.52,578.7300000000002,701.9149943000002,7355.909966300001
Jharkhand,Garhwa,0.6943860298350448,MEDIUM,66.25,1700.0699000000002,1836.2399,10029.564702
Meghalaya,West Khasi Hills,0.6937723668492304,MEDIUM,138.045,1312.90995,1514.73995,9623.719767
Arunachal Pradesh,Lower Subansiri,0.6900632803857283,MEDIUM,9.5199995,353.9099995000014,407.559999497,5629.459962497001
Gujarat,Ahmadabad,0.6896996090295643,MEDIUM,152.94499,1944.299950000001,2210.719934,11972.874718
Uttar Pradesh,Ballia,0.6869532089038358,MEDIUM,77.795,428.95999600000016,455.8149939499996,3212.4049409500003
Andhra Pradesh,Vishakhapatnam,0.6867085026810079,MEDIUM,748.105,1911.675,2453.0600000000004,4891.3499823
Maharashtra,Dhule,0.6859414199650727,MEDIUM,264.47,1005.2200000000008,1335.2949990000006,17296.074519
Manipur,Ukhrul,0.6833749981604145,MEDIUM,70.395,530.7999899999999,590.9449884000003,3576.3349367
Uttar Pradesh,Lalitpur,0.6824486677923877,MEDIUM,260.65,2001.9450000000008,2182.874998,13533.67478
Meghalaya,East Khasi Hills,0.6821887225406595,MEDIUM,68.03,537.1949959999997,575.2349959899999,3692.25489699
Meghalaya,Ri-Bhoi,0.677574688907802,MEDIUM,1.3399999,219.5899699,343.8599689,5341.42987985
Gujarat,Jamnagar,0.6748657704022566,MEDIUM,33.195,155.8599959999991,350.53499559999995,3550.2048794
Arunachal Pradesh,East Kameng,0.6741525533851533,MEDIUM,45.015,199.04000499999967,254.6700047,4373.8199732
Madhya Pradesh,Neemuch,0.6683363587421977,MEDIUM,252.235,1830.4499,1975.219889,9503.599633
Chhattisgarh,Kanker,0.662860137167848,MEDIUM,916.44995,1762.85995,1994.63994997,6428.01487297
Punjab,Patiala,0.6597070397157827,MEDIUM,42.394997,784.159977,885.5449729999998,3384.024943
Rajasthan,Sirohi,0.659029118058872,MEDIUM,171.355,1506.8049599999997,1648.2349600000002,10402.354853
Rajasthan,Ajmer,0.6584276131613536,MEDIUM,103.225,384.7400300000005,469.580029,5345.524902
Bihar,Samastipur,0.6576179828383395,MEDIUM,59.94,481.4750040000002,512.9850039999999,3233.969972
Madhya Pradesh,Guna,0.6565730046917451,MEDIUM,195.08,1421.66494,1538.5499398999998,11957.9847437
Madhya Pradesh,Shahdol,0.656512805465284,MEDIUM,122.175,247.85498600000005,275.4649854000001,3965.5148444
Bihar,Saharsa,0.6508783891877047,MEDIUM,65.29,401.82500000000016,467.8149997900001,3231.82496679
West Bengal,Murshidabad,0.6480724098553595,MEDIUM,44.645,1902.7550000000003,2040.789997,13397.164824
Karnataka,Mandya,0.6467552588296506,MEDIUM,116.795,279.67499999999967,414.66999600000025,2932.46499226
Andhra Pradesh,Krishna,0.6444965524983958,MEDIUM,125.439995,645.639994999999,1366.8399829999998,12176.579974
Andhra Pradesh,Khammam,0.6443895171111312,MEDIUM,304.13498,683.01001,1363.1850069999991,3590.80501303
Orissa,Kalahandi,0.6412238324157823,MEDIUM,748.765,1397.98497,1579.8899670000003,4877.14990885
Jharkhand,Jamtara,0.6366075721660851,MEDIUM,23.994999,1666.884999,1746.4899988,6395.5999008
Karnataka,Bijapur,0.6349590511866857,MEDIUM,279.41,1137.68,1884.1149900000005,13747.7197289
Gujarat,Gandhinagar,0.6300971064553919,MEDIUM,2.83,370.43999000000025,436.609988,4304.2149175
Madhya Pradesh,Rewa,0.6272219293896512,MEDIUM,1.775,447.11498,536.4399787999996,8507.129878140002
Rajasthan,Dausa,0.6266505772033191,MEDIUM,44.71,275.61999999999995,334.10499700000014,4605.009854999999
West Bengal,South 24 Parganas,0.6263843394064805,MEDIUM,221.495,1400.0349,1647.0348849999996,16674.339548999997
Maharashtra,Chandrapur,0.6224902463084736,MEDIUM,907.735,2029.9550000000004,2348.294996,8263.0449097
Orissa,Jagatsinghpur,0.6224037721206099,MEDIUM,53.545002,410.105002,516.3550065000002,3248.91487006
Uttar Pradesh,Kanpur,0.6202992417575357,MEDIUM,9.44,214.74998999999968,358.06998980000014,3148.10997815
Tamil Nadu,Tiruvannamalai,0.6186704829798927,MEDIUM,201.44,325.3899960000002,714.9499857999999,3380.1348971
Gujarat,Bhavnagar,0.616899357658443,MEDIUM,18.795002,279.5699920000023,459.1299815999996,12413.1248308
Maharashtra,Raigarh,0.6090102514079964,MEDIUM,668.605,1954.0249999999992,2196.6250045,4213.3099807
Assam,Dhemaji,0.6014921504208187,MEDIUM,14.089999,179.33000400000023,240.4450034,4309.494970000001
Gujarat,Mahesana,0.5973978517877656,MEDIUM,2.36,150.94000399999908,189.8450029799992,4252.45490688
Andhra Pradesh,Anantapur,0.595239856041257,MEDIUM,193.22499,564.67499,1638.029983,10842.1348917
Madhya Pradesh,Dhar,0.5940107172143597,MEDIUM,218.055,1730.065,1946.0650000000005,11692.37979
Assam,Karbi Anglong,0.5939174489284524,MEDIUM,0.625,436.6949799999974,646.0899789900009,9607.40470689
Bihar,Darbhanga,0.5915083902750277,MEDIUM,4.8399997,438.0649997000002,617.6899921999998,5664.919929500001
Haryana,Bhiwani,0.5882907607774591,MEDIUM,53.135002,375.9749920000005,547.2749910000005,11170.034673
Madhya Pradesh,Chhatarpur,0.5871644882720931,MEDIUM,112.58,2883.924899999998,3231.469899000001,17428.284491
Karnataka,Davanagere,0.580664396641514,MEDIUM,39.215,178.36,689.3799599999999,2631.0199657000003
Madhya Pradesh,Damoh,0.5805580318498544,MEDIUM,83.66499,380.63496999999927,400.4199697000013,2806.9848766
Karnataka,Uttar Kannand,0.5802758182795369,MEDIUM,115.130005,342.92000500000006,825.7449848,7014.8998685
Gujarat,Junagadh,0.5764824208163545,MEDIUM,746.065,1719.2249800000004,2013.194978,24226.224583
Maharashtra,Nanded,0.575109789462801,MEDIUM,548.68,1622.084999999999,2135.569990000001,14478.1696967
Maharashtra,Satara,0.5739522324687356,MEDIUM,0.0,49.82999800000012,581.8399949979997,4152.284955388
Rajasthan,Ganganagar,0.5713247045382507,MEDIUM,11.785,119.8799949999991,206.7599946999977,7843.0600517
Orissa,Bolangir,0.5645617880881991,MEDIUM,115.185005,636.594995000002,1124.914975,15831.8296699
Chhattisgarh,Korba,0.5618829436138335,MEDIUM,131.30998,2400.7199799999985,2644.499976,19112.174603
Orissa,Malkangiri,0.5601524829404891,MEDIUM,1182.255,2298.575,2925.919977,9184.49982082
Maharashtra,Buldana,0.5584628558783659,MEDIUM,698.01,1523.44501,1783.6650079999988,12234.494754
Madhya Pradesh,Dindori,0.5582609010998033,MEDIUM,41.655003,1027.6099829999991,1167.064982,13943.2146588
Jammu and Kashmir,Kathua,0.5557855780445521,MEDIUM,13.62,99.73500000000008,261.8300038,2973.2099948
Maharashtra,Akola,0.5527000136892721,MEDIUM,449.82498,1299.7899800000002,1593.3399899999995,12084.419784
Uttar Pradesh,Deoria,0.5517714568931107,MEDIUM,0.60499996,126.85499795999954,253.4599979600009,3800.624972156
Maharashtra,Ratnagiri,0.5501121883101612,MEDIUM,242.605,571.8650099999995,1306.969986,9241.18985
Himachal Pradesh,Lahul and Spiti,0.5483050452404091,MEDIUM,13.955,155.40999599999904,573.07501,9577.089879
Rajasthan,Nagaur,0.5456195797953297,MEDIUM,66.365,1006.709969999996,1311.7299669000008,18082.0994469
Maharashtra,Wardha,0.5428300050862412,MEDIUM,306.535,1015.5649999999991,1337.32,15173.8248203
Rajasthan,Bikaner,0.5417107020473598,MEDIUM,82.47,715.1049799999973,1049.5899785,13257.5947485
Rajasthan,Barmer,0.5412196975417453,MEDIUM,109.93001,1842.264950000004,2056.284947999998,18081.934548
Uttar Pradesh,Sonbhadra,0.5405671805485867,MEDIUM,206.51999,2329.4850900000006,2523.9300839,14923.8396859
Orissa,Kandhamal,0.5368833137279063,MEDIUM,659.665,1955.515,2346.430009000001,11075.564807
Uttar Pradesh,Shahjahanpur,0.5364788968653038,MEDIUM,45.309994,198.86498899999992,259.124989,2452.615018
Uttar Pradesh,Gautam Buddha Nagar,0.5331184121622325,MEDIUM,15.849998,132.709991,176.1199869999999,2746.199969
Andhra Pradesh,Nalgonda,0.5319389821789218,MEDIUM,66.165,609.9550000000002,1874.94,14221.21957999
Rajasthan,Jaipur,0.5277506720145994,MEDIUM,62.44,991.0600199999984,1303.2000077999994,15282.1549178
Madhya Pradesh,Ujjain,0.525055066363597,MEDIUM,0.22,247.1349970000009,315.80499789999953,7935.51478374
Madhya Pradesh,Panna,0.5248657570382004,MEDIUM,259.84,1954.8849000000005,2112.9749,12865.459645
Uttar Pradesh,Lakhimpur Kheri,0.52143012052369,MEDIUM,178.01498,625.3649800000003,753.9999749,9195.6948929
Andhra Pradesh,Srikakulam,0.5211754498197285,MEDIUM,179.75,718.2199999999991,1249.1349800000005,11270.084771
Jharkhand,Chatra,0.5193363652727122,MEDIUM,66.045,2448.1400000000003,2639.0399999,12574.7647869
Maharashtra,Sangli,0.5188757409423121,MEDIUM,64.61,827.3700000000009,1805.045,16042.764668
Nagaland,Phek,0.5180015113960068,MEDIUM,0.0,83.984994,200.1549927,3535.464994
Madhya Pradesh,Satna,0.5168946971870193,MEDIUM,176.68001,3457.49981,3773.52981,20654.259471
Andhra Pradesh,Guntur,0.5159466758489715,MEDIUM,387.685,1063.7999999999988,1402.814987,9619.059877000002
Kerala,Palakkad,0.5142839878470042,MEDIUM,218.65999,289.7799889999993,415.5449869700004,3695.75996067
Gujarat,Dahod,0.513850824195352,MEDIUM,303.495,2399.495,2672.144986,14876.004759
Madhya Pradesh,Ashoknagar,0.5138131205940786,MEDIUM,156.605,3038.5,3356.8099879999995,17387.879334999998
Tamil Nadu,Thanjavur,0.5083264732453661,MEDIUM,153.54,187.359998,311.064995,3039.574872
Chhattisgarh,Surguja,0.5037635026936718,MEDIUM,4.0550003,22.045002299998863,101.6500013,4709.725049
Bihar,Saran,0.5009733996472626,MEDIUM,57.329998,404.31999800000006,495.69499759,3225.27495859
Karnataka,Gulbarga,0.4977925654726937,MEDIUM,284.175,1060.634970000001,2019.619966,17231.279752
Uttar Pradesh,Ambedkar Nagar,0.49518496235763526,MEDIUM,0.98499995,174.54499494999965,268.55499295,4148.54497863
Andhra Pradesh,Karimnagar,0.49035571140694956,MEDIUM,1396.2,4093.535,4952.369969999998,19342.230072
Rajasthan,Jodhpur,0.48921125365861023,MEDIUM,144.675,1318.2650000000033,1704.8599996,20174.2394206
Rajasthan,Churu,0.4828490705555377,MEDIUM,87.47,863.6650000000002,1198.6999796000002,14735.9994996
Madhya Pradesh,Harda,0.4799122411311476,MEDIUM,149.935,507.1499490000001,558.73994599,2731.58985829
Karnataka,Bellary,0.4765697990911095,MEDIUM,63.24,150.55499999999907,435.0649939999996,5999.299972
Karnataka,Hassan,0.47647935205073044,MEDIUM,105.265,199.51,252.5150000000002,3374.87995798
Maharashtra,Nagpur,0.474233666198097,MEDIUM,3.4549997,177.6549916999991,552.469990700001,16719.474940599997
Maharashtra,Osmanabad,0.4736152651900914,MEDIUM,560.74,989.0649999999996,1322.84499997,2506.55999947
Maharashtra,Garhchiroli,0.4687581659022373,MEDIUM,387.755,1052.4099899999987,1580.264990000001,12322.324983
Bihar,Araria,0.4670200467585577,MEDIUM,3.61,148.19499299999978,245.59999300000013,4150.4199901
Karnataka,Haveri,0.4665140667132718,MEDIUM,90.13,304.56499999999954,377.294999,4028.189787
Andhra Pradesh,Vizianagaram,0.46422834341120756,MEDIUM,813.07,1460.0699999999997,1989.44,10288.204963
Karnataka,Dakshin Kannad,0.46234761668648977,MEDIUM,64.43,189.74499000000023,233.294989,3065.68998303
Madhya Pradesh,Indore,0.46121126165269305,MEDIUM,280.055,2198.9750000000004,2395.814998,10558.494844
Chhattisgarh,Durg,0.454379986837392,MEDIUM,29.220001,255.0749910000009,537.5399810000009,11083.089674
Uttar Pradesh,Pilibhit,0.45373936392553255,MEDIUM,14.924999,242.1849949999998,332.81999396999976,4493.614952970001
Assam,Dhuburi,0.4514499777472277,MEDIUM,8.305,169.94998999999976,237.4649870000002,3064.0199358
Andhra Pradesh,Nellore,0.4498183156941778,MEDIUM,186.37001,430.66500500000046,1190.9100008000005,8070.4999911
Tamil Nadu,Dharmapuri,0.4447775589330955,MEDIUM,200.775,340.0349980000012,1505.2049677999998,4292.1149548
Maharashtra,Nandurbar,0.44321085362881185,MEDIUM,11.320001,226.7100029999996,475.4850136,9737.55000389
Andhra Pradesh,Mahbubnagar,0.44036776245632564,MEDIUM,424.69998,1339.6049799999992,2493.24498,19963.834781
Madhya Pradesh,Sidhi,0.43988306288261425,MEDIUM,301.19498,5029.08998,5441.879979999999,27225.79452
Tamil Nadu,Coimbatore,0.4393658092652675,MEDIUM,105.534996,171.31999549999955,371.0649855,3646.4699515
Maharashtra,Pune,0.4309639453525246,MEDIUM,1346.4349,4063.9999,4683.979874999999,13341.999726
Chhattisgarh,Raj Nandgaon,0.43079790203242146,MEDIUM,129.51999,496.2999900000002,864.65498,10216.559584
Andhra Pradesh,West Godavari,0.4250442325458822,MEDIUM,26.025,304.284995,1020.705035,9116.1297959
Chhattisgarh,Dhamtari,0.4242091568494411,MEDIUM,198.83,677.8999800000007,907.0749839999994,9356.134955
Uttaranchal,Dehra Dun,0.4233841675941352,MEDIUM,32.375,422.2400200000002,517.120016,3241.294929
Maharashtra,Aurangabad,0.4232181861395092,MEDIUM,116.30499,254.2199900000003,450.4149897,2150.349943
Rajasthan,Chittaurgarh,0.42033670373140475,MEDIUM,108.35,3694.8649999999993,4132.909996999999,23654.129637
Andhra Pradesh,Cuddapah,0.42021879402044904,MEDIUM,200.325,539.944995000001,1411.769945,9290.789815
Rajasthan,Udaipur,0.4186442538541438,MEDIUM,304.805,2413.2998,2624.5148,11322.239473
Chhattisgarh,Raipur,0.41668205175161815,MEDIUM,167.06999,585.2899899999989,918.2149816,9167.5499365
Madhya Pradesh,Dewas,0.41660720131530027,MEDIUM,269.16,2757.6900000000005,3051.54999,19774.024780000003
Madhya Pradesh,Mandla,0.415848823774692,MEDIUM,183.06,1997.4999,2194.024903,17110.689469
Delhi,Delhi,0.4153802981507114,MEDIUM,11.289999,74.38999999999955,165.6049899999998,3107.86484717
Maharashtra,Solapur,0.41445759697488493,MEDIUM,0.285,8.74499994999983,586.6549999500002,2666.88498723
Madhya Pradesh,Sehore,0.41125405329774023,MEDIUM,36.15,1294.7699999999982,1557.234999,15131.739748
Rajasthan,Jalor,0.40866255358249376,MEDIUM,272.34,3475.4799000000007,3975.964899000001,23170.224429
Orissa,Puri,0.4034248908130049,MEDIUM,516.49,1047.349998,1167.979998,3091.799982
Orissa,Jajpur,0.40179017723171634,MEDIUM,0.0,0.93999994,217.21498993999973,3087.18984594
Madhya Pradesh,Narsinghpur,0.4010274237178137,MEDIUM,20.499998,322.2999879999991,410.70998696,11866.38969176
Assam,Lakhimpur,0.3966175336249114,LOW,177.925,310.15000800000047,335.2200069999999,3086.8349898
Punjab,Moga,0.39438200339255053,LOW,12.094999,433.6199890000003,507.6249889999999,2969.2199498
Maharashtra,Greater Bombay,0.393480393767636,LOW,3.82,174.11500999999976,214.0300119,2319.0700222
Rajasthan,Sawai Madhopur,0.3914987581326807,LOW,58.355,289.8149799999998,335.19498,2643.0299125
Gujarat,Bharuch,0.3896626628584823,LOW,0.0,0.0849999999995452,284.5599998,4088.4948693
Jharkhand,Hazaribag,0.3885979276112257,LOW,146.39,2516.7098400000004,2718.6448340000006,14012.134639
Rajasthan,Baran,0.3885964775063135,LOW,92.034996,2157.400095999999,2372.180086000001,12785.81986
Andhra Pradesh,Nizamabad,0.38673373256884847,LOW,923.41003,2996.83003,3528.235032,10271.779903
Punjab,Sangrur,0.3861401592425036,LOW,57.125,551.6399999999996,709.514999,3538.629996
Punjab,Faridkot,0.38525608340740797,LOW,18.88,298.00000000000006,352.06500099500005,2374.769976795
West Bengal,Birbhum,0.3833433613302958,LOW,305.125,2450.85487,2606.0048693,12340.4798013
Chhattisgarh,Jashpur,0.3810077016021878,LOW,10.929999,194.2650089999973,257.7250080999996,9229.36978074
Assam,Tinsukia,0.3799099502648049,LOW,11.62,226.3099949999994,275.53499399999976,4530.7599148
Gujarat,Kheda,0.37133179094027213,LOW,343.00998,2273.994939999999,2538.1449300000004,12133.9796937
Karnataka,Bangalore Rural,0.37045964711748874,LOW,103.380005,241.95999899999973,399.91499400000026,2135.13498895
Orissa,Ganjam,0.3696054277023046,LOW,472.305,849.2999799999996,947.4749750999996,2244.7199626
Tamil Nadu,Dindigul,0.3646127552865396,LOW,334.63498,416.89497999999935,813.8549699000002,2521.21495495
Punjab,Fatehgarh Sahib,0.3611844446282526,LOW,19.384998,251.1799920000001,297.64999199999977,2120.839937
Maharashtra,Thane,0.35560239060381016,LOW,0.53499997,52.40499796999864,437.71999797000086,10001.08992798
Gujarat,Surendranagar,0.35379326761147895,LOW,376.65497,3081.969870000001,3500.12486,17677.969759
Himachal Pradesh,Chamba,0.35068836852868174,LOW,1.5799999,99.66499489999975,307.71000380000004,4882.244834700001
Jharkhand,Simdega,0.34856070793555266,LOW,0.095,157.78001,233.9500049,10740.0748089
Maharashtra,Latur,0.34728362952758934,LOW,1047.76,2722.77487,3260.6798700000004,5327.5898247000005
Orissa,Sundargarh,0.34343847816768114,LOW,755.91,4543.950000000003,4912.534995,24037.834834
Madhya Pradesh,Mandsaur,0.3414279829426882,LOW,51.909996,330.689966,344.2499656999998,2243.91490745
Assam,Kamrup,0.33784915373128,LOW,0.0,89.83499960000069,164.93999659900047,3821.659998379
Uttar Pradesh,Moradabad,0.33702674277411576,LOW,5.125,76.239998,171.584998,3465.01486409
Orissa,Koraput,0.335330939195425,LOW,5.245,275.774995,945.894995,12505.5048971
Maharashtra,Bid,0.33337901658475355,LOW,1135.2999,4886.124859999998,5672.72486,23402.694792999995
Gujarat,Sabar Kantha,0.33323980211887916,LOW,0.0,31.185000000000457,97.1149979999991,6332.284964604
Orissa,Cuttack,0.32708425786703166,LOW,29.169998,148.3949930000009,276.9899929980009,9116.629946938
Chhattisgarh,Bastar,0.3230531138809108,LOW,79.89,118.49000199999888,421.934987,5738.3297966
Karnataka,Belgaum,0.3207146731296431,LOW,243.84999,411.6949900000005,1157.0049899,3366.1399539
Bihar,Vaishali,0.319936473604654,LOW,104.59,311.7249999999999,320.1849997000003,1997.6049448
Madhya Pradesh,Hoshangabad,0.3181304415729805,LOW,415.22998,3013.44498,3292.564978,19445.219553000003
Jharkhand,Giridih,0.31701886828259596,LOW,46.414997,2394.934797,2594.6497965,12714.879473200002
Madhya Pradesh,Betul,0.31486347167276674,LOW,37.36,122.06500000000024,236.7049966,1539.9399558
Maharashtra,Parbhani,0.3147363455854812,LOW,0.32,150.694995,435.7649849999995,8860.969730980001
Orissa,Sambalpur,0.31307983511023335,LOW,73.05499,270.2399889999996,331.7199900000003,1841.9699643
Orissa,Khordha,0.3100574621484012,LOW,209.85999,846.68498,1090.0399801,3865.0399525
Jharkhand,Palamu,0.3023925863554048,LOW,182.97499,2507.81989,2704.359893,13520.684593
Orissa,Sonepur,0.3019429810346588,LOW,0.0,1.05,167.52999993000023,3681.394929604
Madhya Pradesh,Seoni,0.3003666075387538,LOW,302.295,2364.445,2603.68,17622.089551999998
Orissa,Baleshwar,0.2961273720182337,LOW,71.27,224.054997,296.7699965999999,2071.8599208
Chhattisgarh,Bilaspur,0.2937143167294539,LOW,443.31998,2533.099979999999,2726.8199750000003,16054.569735
Uttar Pradesh,Jalaun,0.28717530996612156,LOW,95.285,318.79498999999976,343.4649880000002,2668.8799508
Bihar,Supaul,0.2869972016068098,LOW,0.215,73.1949950000001,168.5899950000001,3240.93999077
Maharashtra,Washim,0.28502280879121544,LOW,138.14499,344.24999,390.0249909799999,2127.79988128
Orissa,Mayurbhanj,0.272651881167795,LOW,614.755,3221.73995,3586.96494,20718.739571
Tamil Nadu,Tiruchchirappalli,0.2725568660383757,LOW,110.77,152.7700000000003,265.92000899999977,2472.89499541
Uttar Pradesh,Bahraich,0.260467800199594,LOW,36.074997,291.81498299999964,336.65498292,1817.14497812
Andhra Pradesh,Warangal,0.25834451492049426,LOW,1329.145,2438.86496,3182.1099198,5795.354771
Orissa,Angul,0.2575650611252645,LOW,0.0,1.1499999999997723,352.68497990000003,6855.1098038
Madhya Pradesh,Chhindwara,0.2564180533809035,LOW,480.09998,2500.11498,2713.6749780000005,11916.029859
Madhya Pradesh,Sagar,0.25530924475072864,LOW,63.574997,182.464987,221.55498705000048,2074.26996365
Jammu and Kashmir,Baramula (Kashmir North),0.2441999592177619,LOW,2.315,30.25000100000023,127.1650008,4332.0448928000005
Rajasthan,Banswara,0.23851842357578676,LOW,0.0,5.59,39.235,4202.01494138
Maharashtra,Bhandara,0.23376113670812806,LOW,0.0,6.759999799999772,178.0899998000007,6681.1799096
Orissa,Boudh,0.22918424088549552,LOW,0.089999996,29.169998696000228,142.02000759600182,6911.124988526001
Tripura,North Tripura,0.22733270385318488,LOW,0.275,180.5050199999997,207.99001929,1796.4350240299998
Chhattisgarh,Raigarh,0.22435045978748644,LOW,290.755,2019.1900000000005,2174.56,12107.01977
Andhra Pradesh,Rangareddi,0.21910531636187447,LOW,0.99499995,16.114999749998923,375.19998975,2753.95998123
Orissa,Dhenkanal,0.21909838751158148,LOW,0.0,0.9200000000002272,253.5549999999997,6231.644899894
Punjab,Firozpur,0.2185982653225901,LOW,19.999998,284.52999799999947,369.5399975999999,2745.4899431
Madhya Pradesh,Ratlam,0.21049004187542,LOW,0.0,5.514999999999091,18.959999,3889.164879996
Tamil Nadu,Thoothukudi,0.20978122277681785,LOW,34.085003,44.18500289999946,47.83000289999909,2799.429988399
Chhattisgarh,Mahasamund,0.2026613236057276,LOW,0.0,0.1550000000001136,129.77000000000024,2298.5199398000004
Madhya Pradesh,Raisen,0.20176096727053527,LOW,0.0,55.66999700000182,107.349999,9882.024722857
Maharashtra,Hingoli,0.19946431230655765,LOW,0.16,2.859999899999318,204.3699969,2018.774996547
Maharashtra,Gondiya,0.19202337478473858,LOW,0.0,4.7599997600006825,107.37499976,7292.25984523
Gujarat,Porbandar,0.19101384454056988,LOW,0.0,19.3249986,107.30499860000046,5655.99993108
Haryana,Ambala,0.18924039706532042,LOW,19.66,278.27499,350.06498996000005,1629.70497696
Rajasthan,Bhilwara,0.18371075719774013,LOW,0.03,0.2250000050005116,3.1199998019990907,3212.034861801
Rajasthan,Tonk,0.18300423184540915,LOW,10.555,20.34499959999953,33.1049994,728.4799855
Uttar Pradesh,Pratapgarh,0.17891597323710673,LOW,63.85,139.5449997,142.52499965,1320.39497215
Jharkhand,Purba Singhbhum,0.1753157507242939,LOW,0.005,24.369997950000453,63.42999595000046,6899.79488995
Orissa,Kendrapara,0.17170225382739276,LOW,0.0,3.065000000001137,139.6750000000007,5869.9248889
Jammu and Kashmir,Kupwara (Muzaffarabad),0.16886229075575213,LOW,0.605,17.499999999999773,230.4799939399996,5587.51983464
Tamil Nadu,Kancheepuram,0.16861139724419122,LOW,36.03,130.66500399999967,152.520004,2388.05491646
Jammu and Kashmir,Kargil,0.16858117867229847,LOW,1.115,25.83000060000135,129.72999540000134,4506.619983899999
Gujarat,Narmada,0.16739615547390194,LOW,0.0,0.0,44.305000009999546,1957.09995702
Arunachal Pradesh,Lohit,0.16569179134699666,LOW,1.735,10.2749995,16.18499909,729.1699887539983
Madhya Pradesh,Shivpuri,0.16335315506469436,LOW,1.2299999,4.384999499995282,17.549998600000908,2523.2149473
Nagaland,Dimapur,0.16145885863971973,LOW,0.22,30.724996,62.43999500000006,1748.7599401999998
Tamil Nadu,Erode,0.15712781638661,LOW,0.405,10.82999997,407.01497997,2325.07984337
Tamil Nadu,Thiruvarur,0.1547951542664874,LOW,51.75499,65.059989,137.71498600000018,2634.4149865
Jharkhand,Latehar,0.15121632823569506,LOW,70.81,111.949999,116.244999,1345.4749734000002
Haryana,Faridabad,0.14810788687170523,LOW,21.59,88.32,99.74000000000008,1503.6949819
Madhya Pradesh,Burhanpur,0.14667837919935026,LOW,0.0,0.12,127.45,5348.714792499999
Bihar,Madhubani,0.13738089295416436,LOW,1.975,68.91499800000057,99.25999993999864,2794.09989974
Jammu and Kashmir,Jammu,0.13729301994684284,LOW,0.17,19.72500000000003,210.73999799999928,4801.0248512
Tamil Nadu,Tirunelveli Kattabo,0.13204581510977265,LOW,31.03,47.70000000000091,59.86500050000034,3602.22492936
Himachal Pradesh,Sirmaur,0.12880995305403467,LOW,10.649999,86.83999869999975,129.87000070000022,1865.264979596
Punjab,Ludhiana,0.12572799750180652,LOW,0.26,182.6749699999996,211.01996999999943,2015.52495359
Arunachal Pradesh,Tirap,0.12439427750495158,LOW,69.61,135.754996,140.8549957170001,944.979971977
Karnataka,Dharwad,0.124340694169741,LOW,0.0,0.0,82.68999398999988,1282.80494828
Karnataka,Chitradurga,0.121895986330871,LOW,22.849998,79.33499699999966,856.7599562799994,2010.164932775
Rajasthan,Jaisalmer,0.12043720067327562,LOW,284.31,2113.384959999997,2671.019956,35621.689601
West Bengal,Haora,0.11956959128882938,LOW,0.0,0.8449999700002274,7.94999893,1975.35997103
Mizoram,Lawngtlai,0.11813716153160722,LOW,0.0,0.0050000000004547,14.554999999999774,1637.46499684
Uttar Pradesh,Fatehpur,0.11245217228205587,LOW,10.235,32.40000099999997,34.450000998,689.159969238
Gujarat,Vadodara,0.11229962743353722,LOW,17.395,100.8750000000005,138.65499870000005,806.0799504999999
Haryana,Yamuna Nagar,0.11137627662177892,LOW,28.93,416.0799999999998,468.1799969199999,1617.63997462
Rajasthan,Bharatpur,0.10915750110253175,LOW,1.3749999,28.69499990000045,37.9149992000004,1376.5149656
Jammu and Kashmir,Udhampur,0.10900341431889668,LOW,0.0,1.4349999949994316,103.52999999499998,1506.830002204
Mizoram,Saiha,0.10797055053709054,LOW,0.0,0.0800000000000568,22.070000000000228,2148.819954
Arunachal Pradesh,West Siang,0.10149069408070377,LOW,0.65,13.474999999999543,24.45000000000045,1259.184913406
Uttar Pradesh,Jyotiba Phule Nagar,0.1007489046395331,LOW,3.67,13.945001,22.820001,1555.454955218
Jammu and Kashmir,Ladakh (Leh),0.09921793780406754,LOW,10.965,266.36000000000183,2395.184999,38946.449533
Mizoram,Serchhip,0.09848546540359554,LOW,21.715,107.31999799999988,142.9049985,1196.0299883
Uttar Pradesh,Rampur,0.09846364633289037,LOW,1.34,29.35499900000012,47.444998,2264.1148937400003
Karnataka,Gadag,0.09577419775653911,LOW,0.0,1.84,143.18499799999978,1890.6799877
Tamil Nadu,Pudukkottai,0.09524933087546104,LOW,97.895,168.06999799999954,382.2899979,1576.8749535
Andhra Pradesh,Chittoor,0.09256799146085226,LOW,0.56500006,20.03000005999909,1115.27000036,2108.59499804
Uttar Pradesh,Lucknow,0.0907717380265719,LOW,0.16,6.429999999999744,14.21499957999983,694.054992457
Orissa,Jharsuguda,0.09028171918309212,LOW,69.81,176.43000399999994,206.96000198,1488.55502238
West Bengal,Barddhaman,0.08651895116423784,LOW,16.445,39.78499999999994,64.77499941000005,858.5149902
Maharashtra,Jalna,0.08466042273734307,LOW,16.609999,73.8599966,245.54499356,1842.03999636
Bihar,Gaya,0.08439508129382055,LOW,0.26999998,3.669999779998181,15.054999080000114,2863.93995377
Uttar Pradesh,Jaunpur,0.0840639277720333,LOW,18.714998,89.404992,96.51999205,875.06497365
Jharkhand,Koderma,0.08084777697867711,LOW,0.0,0.4399999979995452,1.185000038,1724.0899610339998
Tamil Nadu,Vellore,0.07936017883990236,LOW,29.750002,133.4050010000001,152.38500010000024,2474.6549534
Haryana,Gurgaon,0.0778560200664015,LOW,13.154999,122.25999599999992,132.48999599,1155.30996009
Uttaranchal,Rudra Prayag,0.07666983308237646,LOW,12.485,17.299999999999997,47.059999,820.0349529
Punjab,Gurdaspur,0.0735175330298319,LOW,1.0699999,27.965001899999688,51.954999699999945,701.19003118
Uttar Pradesh,Gorakhpur,0.07317433999496446,LOW,1.3799999,65.30999990000045,89.28999989999977,2002.439998466
Andhra Pradesh,Kurnool,0.0722158008278109,LOW,0.0,2.7050000000023875,1017.344995000001,2337.66499196
Orissa,Baragarh,0.07039785344376322,LOW,0.005,0.7699999539995452,159.6249994539992,2027.069963952
Kerala,Thrissur,0.06760116827357245,LOW,185.53499,225.34999000000025,518.57997999,1353.86996069
Assam,Goalpara,0.06728606534450943,LOW,0.43499997,10.649999949999543,38.34999895000023,2825.36999849
Madhya Pradesh,Jabalpur,0.06450313252521467,LOW,0.0,1.5749999000018189,48.12499990000091,2448.2999849
Bihar,Purba Champaran,0.06315122142520475,LOW,0.33499998,2.49999997999909,12.664999974000454,1562.195054674
Arunachal Pradesh,Kurung Kumey,0.06293514743174072,LOW,0.23,18.860000980000905,27.41500068000006,1203.51002585
Andhra Pradesh,Adilabad,0.06143851784712992,LOW,0.099999994,37.549996994001816,777.6099969940027,15251.079785838
Tamil Nadu,Karur,0.05937094635222913,LOW,0.099999994,2.824999792000228,81.22999434200001,2936.139961142
Maharashtra,Ahmednagar,0.0589567221381012,LOW,861.06,2636.7000000000007,3532.804990000002,22325.454775
Uttar Pradesh,Allahabad,0.05822168435594567,LOW,1.8999999,6.969999599999516,23.52499820000006,235.57998355
Assam,Nagaon,0.05673085834406308,LOW,0.01,4.5,10.129999990000456,1308.1299660900002
Arunachal Pradesh,Upper Siang,0.054255627657207164,LOW,22.154999,167.9949970000001,183.8749956000005,1186.3949654
Chhattisgarh,Dantewada,0.05267111971807118,LOW,764.395,2742.234899999999,3931.069900000002,25903.269055000004
Gujarat,Surat,0.05145190349074061,LOW,69.815,720.5449900000004,949.234979999999,21184.54964796
Rajasthan,Hanumangarh,0.0505873534619396,LOW,17.58,33.199999900000904,71.36999988999955,5664.85472547
Rajasthan,Alwar,0.05044152278564447,LOW,2.32,5.994999699999431,14.939998999999544,282.7649973
Madhya Pradesh,Shajapur,0.04777758024814431,LOW,0.155,1.1949999600009094,22.644998959999885,2085.86997876
Karnataka,Mysore,0.04637702557282657,LOW,61.46,86.97499970000023,1251.2849954,1677.5949734
Himachal Pradesh,Solan,0.04565867970223057,LOW,9.434999,9.434998999999545,9.919998999999544,174.32500387000002
Uttar Pradesh,Etawah,0.04563274808265657,LOW,0.72499996,36.42999996,57.23499796000012,2197.174963436
Jharkhand,Bokaro,0.042894820823482185,LOW,114.42999,183.80999,194.4999891,1287.3949376100002
Andaman and Nicobar,Andaman Islands,0.042851436350650855,LOW,47.120003,65.33000195999983,379.9099818600001,1375.04996862
Uttar Pradesh,Saharanpur,0.04247928084227368,LOW,2.455,72.79499699999978,79.34999630000003,370.3599909
Himachal Pradesh,Kullu,0.04231806230283497,LOW,3.4649997,61.11999869999977,108.61999766,1034.5799558600002
Bihar,Gopalganj,0.042148249672236585,LOW,2.5349998,52.8099996,93.84999955,2501.09994784
Maharashtra,Jalgaon,0.0413843247009402,LOW,785.44495,2025.9249099999995,2556.724914000001,30125.389657
Daman and Diu,Junagadh,0.041223774134940425,LOW,112.7,225.59999,230.65998970000007,1079.75997369
Uttar Pradesh,Ghaziabad,0.0401691783511417,LOW,3.3449998,25.74999979999977,50.02499879999954,3176.55995773
Goa,South Goa,0.03987410268071578,LOW,2.9849997,29.279999199999985,78.33999908999999,2205.754990756
Bihar,Katihar,0.03865185397135946,LOW,23.039997,99.61500400000008,125.09500410000008,1021.5899872
Haryana,Panchkula,0.03663039333259795,LOW,0.029999997,53.65999189700009,63.52499279699981,682.155012083
Uttaranchal,Bageshwar,0.03603354427040648,LOW,20.425,233.70499499999983,286.5149951,1393.7849941
Jharkhand,Ranchi,0.034866419055546785,LOW,3.8899999,8.284999899998692,32.25499838000091,574.7249972
Uttar Pradesh,Faizabad,0.03470402568156922,LOW,1.1349999,15.050000799999488,39.399999800000224,1964.264973048
Jharkhand,Gumla,0.034341345553406906,LOW,3.52,3.539999999998188,61.06999999999909,871.23001402
Kerala,Idukki,0.03365746192438313,LOW,0.14,0.1399999999996589,111.1399920000001,226.9799914
Kerala,Malappuram,0.03354559180953658,LOW,0.285,4.794999759999772,59.35499656,1938.78984656
Uttaranchal,Uttarkashi,0.0321661931616187,LOW,1.1,1.3449999900000564,7.854999779999147,1265.799960634
Kerala,Ernakulam,0.03025800490018703,LOW,0.0,0.0,114.43499399999988,178.524991
Bihar,Kishanganj,0.030072476751493837,LOW,0.095000006,33.929998005999764,47.88999800600023,1731.069986761
West Bengal,Kochbihar,0.029597157506896697,LOW,0.0,0.2700000000004547,9.859999999999545,1839.67495558
Karnataka,Kolar,0.0289875669630978,LOW,0.0,0.0,347.9949996000005,835.0700095500001
Karnataka,Tumkur,0.02871219798862764,LOW,1.3649999,9.20999989999909,671.0549799,1546.059936176
Tamil Nadu,Madurai,0.028257168013459847,LOW,0.0,0.0,106.415,186.014998
Assam,Sibsagar,0.027911765766893963,LOW,26.42,40.41000000000012,42.96999993,816.434985366
Rajasthan,Sikar,0.027673933640340927,LOW,1.5449998,4.254999850000909,13.90499971,269.67000878000005
Maharashtra,Amravati,0.02750401158939196,LOW,60.079998,600.8199880000019,1060.579971,23145.734805
Orissa,Rayagada,0.027176494990404802,LOW,4.345,7.39999999999909,168.06000500000093,489.44000051
Karnataka,Chikmagalur,0.026538675606893346,LOW,0.0,54.669996999999626,273.4849870000001,669.22997936
Karnataka,Bagalkot,0.026462488685216664,LOW,60.179996,91.0949969999998,342.61499699,791.1699892099999
Tamil Nadu,Nagapattinam,0.026257327606555567,LOW,109.98499,142.7749899999999,184.9999862,1167.899922229
Tamil Nadu,Villupuram,0.025900471841972528,LOW,49.609997,74.21499710000069,1247.9049851,1623.8749725
Chhattisgarh,Koriya,0.02572057216931754,LOW,3.6849997,7.1599997,20.89499971,384.079998099
Madhya Pradesh,West Nimar,0.024162632290501706,LOW,3.36,7.149999959999772,102.20000385999975,791.26499264
Jharkhand,Saraikela Kharsawan,0.02404911643043418,LOW,0.0,0.5049999999995382,42.11000000000051,1463.73996146
Uttar Pradesh,Bara Banki,0.023863967751540125,LOW,0.005,1.3799999999990906,1.3799999999995454,590.6249989969999
Bihar,Rohtas,0.023185758520750933,LOW,0.01,0.0250000000015916,7.469998987999772,1287.35496558
Himachal Pradesh,Kangra,0.02310673995934584,LOW,6.8349996,51.71499959999989,67.11999829999999,823.6399786
Kerala,Thiruvananthapuram,0.02251675253185261,LOW,22.744999,50.514999,52.384999000000114,1148.45997073
Punjab,Rupnagar,0.022302867380012706,LOW,0.32,0.4199999939996589,11.780000293999889,719.959990062
Gujarat,Patan,0.02212869855391862,LOW,0.0,0.3150000000010232,40.83499999999909,1700.0749822
Himachal Pradesh,Kinnaur,0.02027818683808626,LOW,1.1399999,3.7749998999997727,4.584999896999772,139.624999161
Madhya Pradesh,Barwani,0.01986694130268835,LOW,1.37,4.264999870000455,106.22499976999994,1341.74499455
Rajasthan,Dungarpur,0.01935739008720271,LOW,0.0,0.0049999999995452,14.859999999999888,588.0700117
Kerala,Kasaragod,0.019331518348051642,LOW,50.155,81.1399979999999,275.1749962,662.06999191
West Bengal,Bankura,0.0189323026237794,LOW,2.945,5.509999700000028,20.89499936000045,349.32498099
Gujarat,Kachchh,0.01798671117697588,LOW,448.275,5402.3349,6308.74489,48570.35948
Haryana,Rohtak,0.01679760291431621,LOW,1.22,5.975000000000227,13.340000000000227,1965.85498957
Uttar Pradesh,Agra,0.016649720740399238,LOW,0.205,3.5999999999995453,3.974999970000455,861.84500327
Manipur,Tamenglong,0.016215752509912775,LOW,3.4449992,53.15000120000034,58.50500077000001,546.7499774
Uttaranchal,Pauri Garhwal,0.01609649789790564,LOW,5.8749995,209.25000549999973,232.6400058000002,648.5700132
Madhya Pradesh,Anuppur,0.016059266940889758,LOW,0.0,0.0,32.09999999999972,601.8450038999999
Orissa,Gajapati,0.01570955045122913,LOW,0.0,3.914999999999688,200.58998998000004,828.8249882519999
Punjab,Muktsar,0.015644081232108798,LOW,17.065,236.88001000000017,271.90501040000026,1270.1549857
Karnataka,Kodagu,0.014993591445642288,LOW,64.9,118.76999660000013,726.7099560999999,1147.1649481999998
Mizoram,Lunglei,0.014574827037461022,LOW,6.3250003,14.32499999999995,40.0200007,375.69501016
West Bengal,Puruliya,0.01425451802656916,LOW,0.75,4.759999600000143,24.96999958999997,265.98499834
Andhra Pradesh,Prakasam,0.014184587927485304,LOW,0.0,2.15,1005.50494,1438.319922756
Uttar Pradesh,Mirzapur,0.013249601285365224,LOW,0.0,0.005,9.36999999999818,698.75999073
Bihar,Sitamarhi,0.012678978214407655,LOW,0.0,2.5199998400004544,5.225000030000199,570.235002516
Punjab,Jalandhar,0.012405950522777756,LOW,21.88,23.14000000000001,23.13999999999909,168.19501024
Rajasthan,Bundi,0.01231766587828904,LOW,0.03,0.1950000000022737,2.39,976.349973942
Mizoram,Kolasib,0.012134017175384844,LOW,0.0,0.0050000000002273,5.560000300000227,572.859999186
Punjab,Bathinda,0.012106058437968492,LOW,7.3849998,163.5349728,182.2549722,498.1899607
Manipur,Churachandpur,0.012005519684751813,LOW,0.0,0.0,24.94,702.1149954959999
Karnataka,Udupi,0.01153591013883923,LOW,0.0,0.7450000000000142,134.0299899999997,529.76998078
Karnataka,Koppal,0.010532839659111845,LOW,0.0,0.5349999699999431,288.45499997,646.25500357
Madhya Pradesh,Bhopal,0.010122871741323895,LOW,0.0,0.074999996,15.169998896,1063.775012896
Tamil Nadu,Sivaganga,0.00934498981387908,LOW,0.84999996,3.219999960000057,99.29999690000024,204.06999272
Uttar Pradesh,Chitrakoot,0.00912275024257196,LOW,0.0,0.0,7.3699996960000576,130.844997776
Orissa,Bhadrak,0.008726277889629328,LOW,0.0,0.0,27.635,290.149975
Manipur,Chandel,0.00855309783979873,LOW,0.0,0.0,7.514999399999203,744.704990998
Tamil Nadu,Thiruvallur,0.00823641561702768,LOW,0.0,1.8349999999999431,109.135,148.94500001
West Bengal,Hugli,0.007928665463488464,LOW,0.90499973,1.3949997299988597,28.955001589000023,445.76997256300007
Uttar Pradesh,Hardoi,0.00788700430880325,LOW,0.0,1.085000000000469,2.7299999899998864,150.414994532
Jharkhand,Godda,0.007616220690566834,LOW,0.0,0.0,4.825,131.60999686
Tamil Nadu,Cuddalore,0.007499368478015134,LOW,0.0,0.0,380.51498,385.40997992
Assam,Hailakandi,0.007251052151240992,LOW,0.0,0.0,3.289999999999986,132.78499878
Haryana,Mahendragarh,0.006965875735280249,LOW,7.0500007,26.15500069999989,28.360000679999985,353.41497885
Kerala,Kollam,0.006698268402851966,LOW,1.995,2.2049999999995595,10.474999729999093,1749.4949606290002
Bihar,Banka,0.00663854989326138,LOW,0.0,0.0,7.445000000000228,171.44999948
Punjab,Amritsar,0.006604153594471562,LOW,0.0,0.239999999999531,0.3999999999995595,135.9899994
Uttar Pradesh,Gonda,0.006604153594471562,LOW,0.0,0.0,0.08499999,114.54499705
Uttar Pradesh,Etah,0.006602628904327946,LOW,0.8600001,2.1399999999998864,7.844999930000185,130.81499679
Karnataka,Bidar,0.006248799642213771,LOW,0.0,0.42500002,127.87000398,168.390003466
Madhya Pradesh,Umaria,0.005715604182235691,LOW,3.32,4.985000000000227,15.084999860000114,141.774995192
Karnataka,Raichur,0.005626965890972359,LOW,24.165,32.5649999999992,465.2149998999997,691.1749931400001
Bihar,Jamui,0.005396244872288907,LOW,0.0,0.0,8.48499999999909,372.79998776
Karnataka,Chamrajnagar,0.00524118036928862,LOW,2.27,2.640000000000114,911.025,1089.339998931
Nagaland,Tuensang,0.004871939682956647,LOW,0.0,0.29500000000108,0.4849999899999999,811.6400109479999
Assam,Golaghat,0.004828150124071676,LOW,1.5349998,4.63999969999929,11.4399992,249.09497542000005
Bihar,Nawada,0.004801890497050263,LOW,0.0,0.0,8.740000000000455,220.34499964
Nagaland,Zunheboto,0.004661413367167173,LOW,0.0,0.5399999600002273,0.5399999599999431,669.5100008520001
Assam,Jorhat,0.004584302325581395,LOW,0.044999998,2.3849999979997736,5.225000118000113,26.914999199
Kerala,Wayanad,0.004540665419340953,LOW,0.0,0.0,184.4099894940001,190.764989474
Jharkhand,Pakur,0.004488937578390432,LOW,0.0,0.0300000000004263,5.005000400000455,546.4149983
Bihar,Bhabua,0.003860576398933512,LOW,0.0,0.0149999999995736,3.384999789999858,514.59499448
Andhra Pradesh,Medak,0.0037577253686360192,LOW,0.645,8.954999899999999,264.6049998599996,341.359998958
West Bengal,Jalpaiguri,0.003533534202519217,LOW,0.0,0.0,0.7249999600004547,157.59000165999998
Bihar,Aurangabad,0.0034123763679709375,LOW,0.0,0.7049999999990905,6.224999499999773,1068.4999905
Karnataka,Bangalore Urban,0.003060003309842663,LOW,0.48,0.5450000000000847,4.049999999999829,898.34499834
Maharashtra,Sindhudurg,0.0030298460545226326,LOW,0.0,0.3099999999999716,304.00499999999954,359.79999972199994
Karnataka,Shimoga,0.002605178444149418,LOW,0.26,0.26,805.65996,859.2849584500001
Tamil Nadu,Salem,0.0026027047274139892,LOW,0.0,0.0,492.69497,500.62996978
Rajasthan,Jhunjhunun,0.002325744700667855,LOW,5.755001,17.3350008,26.19500080000091,341.3749888
Himachal Pradesh,Shimla,0.0020020066602259327,LOW,1.595,3.01,4.104999899999999,281.65000266
Uttar Pradesh,Sitapur,0.0014815568588430529,LOW,4.6749997,7.05999950000022,18.55499935,176.20999355
Jammu and Kashmir,Doda,0.0014490918995708221,LOW,0.78,1.8000000000018188,3.039999987,479.664998657
Kerala,Kannur,0.0013031340184601267,LOW,0.905,0.905,506.344981,530.2299818
Punjab,Hoshiarpur,0.001218507718663632,LOW,0.91499996,2.1499998300002274,2.664999799999993,104.544999666
Arunachal Pradesh,Upper Subansiri,0.0011669972077350506,LOW,0.0,0.2349999599995452,3.38999986,156.844997378
Gujarat,Banas Kantha,0.001137706939861937,LOW,0.04,6.500000299999088,17.435000000000002,99.10499815699954
Orissa,Deogarh,0.0010031509445356784,LOW,4.1050005,5.860000495999985,23.935000496,52.644999167
Madhya Pradesh,Vidisha,0.0008840594465516495,LOW,1.045,2.9550000000002274,17.30999970000022,120.21999564
Andaman and Nicobar,Nicobar Islands,0.0008521102822466209,LOW,0.295,0.3000000000000568,1.375,195.76497946
Uttar Pradesh,Sant Kabir Nagar,0.0008429183385868517,LOW,0.45999998,0.5449999769997727,3.299999876999886,430.099988767
Uttar Pradesh,Banda,0.0007912936067330036,LOW,1.42,5.064999899999318,21.109997400000456,152.2649915
West Bengal,Maldah,0.0007800445653651675,LOW,4.6099997,13.799998799999548,27.50999709999977,135.5649933
Uttar Pradesh,Jhansi,0.0007373520460448161,LOW,2.2399998,7.654999299999091,22.92499824,181.46499374
Assam,Barpeta,0.0007032483744871948,LOW,0.0,0.0,0.005,245.87998889
Orissa,Nabarangpur,0.0006660200062334139,LOW,2.79,4.524999940000213,28.47000002,74.83499665999999
Uttar Pradesh,Basti,0.0005900737220968739,LOW,0.0,0.0450000000000035,0.0449999999995168,303.32999500000005
Uttar Pradesh,Maharajganj,0.0005765830958044221,LOW,0.895,4.199999999998437,13.80000003,94.84999512
Arunachal Pradesh,Lower Dibang Valley,0.0005588386163091539,LOW,0.7699999,3.539999770000015,13.43999977000045,101.514998595
Assam,Cachar,0.0005336813797357793,LOW,0.85499996,5.239999860000464,14.944999229999995,125.67499583
Madhya Pradesh,Rajgarh,0.0004999812342611467,LOW,1.555,1.94500002,13.54499902,85.254999117
Uttar Pradesh,Bijnor,0.00042697992835914555,LOW,0.31999996,0.4449999540004548,1.2099999540000002,47.749999801
Jammu and Kashmir,Anantnag (Kashmir South),0.00042697992835914555,LOW,0.13,0.49499996,4.04499966,129.69500046
Haryana,Sirsa,0.00042697992835914555,LOW,0.04,1.9299999999995447,2.009999990000004,47.139998778
Madhya Pradesh,East Nimar,0.0003913801411215305,LOW,4.5899997,13.934999099999942,41.75999799999983,116.2199955
Uttaranchal,Almora,0.0003857245994690809,LOW,1.78,5.399999799999822,8.684999800000227,113.65000023200022
Haryana,Hisar,0.0003589115438055472,LOW,0.0,0.0,1.2499999999999716,386.10998456
Uttar Pradesh,Meerut,0.0003589115438055472,LOW,0.0,0.0250000000002273,0.0249999999997726,379.81999488
Jammu and Kashmir,Rajauri,0.0003589115438055472,LOW,0.0,0.0,0.255,150.644999824
Kerala,Alappuzha,0.0003589115438055472,LOW,0.0,0.0,0.0349999999997726,260.79998809
Bihar,Sheohar,0.0003589115438055472,LOW,0.0,0.7499999,5.345000294000228,302.619994934
Gujarat,Valsad,0.00028282614630932145,LOW,1.6250001,9.634998900000014,17.16999883,53.394997308
Assam,Sonitpur,0.00028282614630932145,LOW,2.1449997,8.904999299999092,18.259998689999943,93.13499679
Madhya Pradesh,Sheopur,0.0002753567064924923,LOW,2.1799998,4.5149997,10.824999569999772,89.48499668000001
Assam,Darrang,0.0002753567064924923,LOW,1.5499998,4.744999899999289,12.259999797999996,64.524998618
Haryana,Kurukshetra,0.00024373547009148386,LOW,0.53499997,6.62499936999983,11.854999179999943,73.17499701499999
Puducherry,Karaikal,0.00023611997447351628,LOW,0.0,0.0,0.0,119.95500230000002
Manipur,East Imphal,0.00023245499042384954,LOW,1.9649994,5.659999300000072,13.67999939,41.209999318
Uttar Pradesh,Balrampur,0.00023245499042384954,LOW,3.355,5.724999999999769,15.309999600000229,105.0249975
Uttar Pradesh,Shravasti,0.00023245499042384954,LOW,1.7900001,4.3100000000000005,7.019999979999998,21.83499964
Uttar Pradesh,Baghpat,0.00022767794800502227,LOW,0.054999996,0.0549999959995452,1.1199999960002274,242.509999424
Kerala,Pattanamtitta,0.0001668657797085709,LOW,0.005,0.0049999999995452,0.5749999999998294,509.9700001
Tamil Nadu,Namakkal,0.00016112789526686808,LOW,0.0,0.0,16.774999999999807,46.5199993
Tamil Nadu,Nilgiris,0.00016112789526686808,LOW,0.0,0.0,31.0599997,42.61499956
Tamil Nadu,Ramanathapuram,0.00016112789526686808,LOW,0.0,0.0,19.579997997,43.969996997
Kerala,Kozhikode,0.00016112789526686808,LOW,0.0,0.0,28.785000000000057,50.3549998
Puducherry,Mahe,0.00016112789526686808,LOW,0.0,0.0,10.384999,11.104999
Uttar Pradesh,Chandauli,0.0001532696090452314,LOW,0.62999994,2.85499979,9.22999919,102.74499754
Uttar Pradesh,Siddharth Nagar,0.0001532696090452314,LOW,0.0,0.1549999959994315,0.3549999949990905,76.389999911
Himachal Pradesh,Mandi,0.0001532696090452314,LOW,0.47999996,1.0749999599997726,1.3699999599998862,74.870000277
Uttar Pradesh,Mathura,0.0001532696090452314,LOW,0.0,0.8999999500002274,3.7249998,67.39000231700001
Assam,Karimganj,0.0001532696090452314,LOW,0.325,1.7750000599997728,11.390000050000229,97.78999940999978
Uttar Pradesh,Aligarh,6.925499042384951e-05,LOW,1.24,4.484999780000003,10.38499961,79.15499813999999
Nagaland,Mon,6.925499042384951e-05,LOW,1.3549999,5.784999900000106,12.784999299999969,38.58999863
Bihar,Patna,6.811563538074004e-05,LOW,0.48499998,5.129999679999998,13.39499918,75.04999790999999
Uttaranchal,Haridwar,6.0646195563910885e-05,LOW,0.035,4.799999899999879,8.9249999,106.94499831
Tamil Nadu,Kanniyakumari,5.151051092858137e-05,LOW,1.17,1.169999999999943,1.17,12.82999939
Bihar,Pashchim Champaran,4.290171606864275e-05,LOW,0.0,0.0049999999993178,0.7549999350013002,135.14499890699997
Nagaland,Wokha,4.290171606864275e-05,LOW,0.0,0.0,0.15999998,112.699999279
Punjab,Kapurthala,4.290171606864275e-05,LOW,0.0,0.0,0.0,90.055001604
Uttaranchal,Naini Tal,4.290171606864275e-05,LOW,0.0,0.0,0.26500002,25.9299997
Punjab,Mansa,4.290171606864275e-05,LOW,0.19,3.0749997200003447,9.689999319999956,59.71499814
Haryana,Karnal,4.290171606864275e-05,LOW,0.315,2.0649999399996024,3.349999939999968,52.480000496
Arunachal Pradesh,East Siang,4.290171606864275e-05,LOW,0.34499997,0.7399999699995452,1.93499997,78.20999671
Uttar Pradesh,Farrukhabad,4.290171606864275e-05,LOW,0.0,0.0799999999995417,0.3750000199995736,35.599999737
Haryana,Kaithal,4.290171606864275e-05,LOW,0.45999995,3.389999739999545,6.0599999,73.969997465
Uttar Pradesh,Kannauj,4.290171606864275e-05,LOW,0.0,0.0,0.0,120.01999823
West Bengal,Kolkata,4.290171606864275e-05,LOW,0.0,0.0,0.185,101.3300072
Uttar Pradesh,Mainpuri,4.290171606864275e-05,LOW,0.0,0.0,0.4049999999999432,69.97499974
Uttar Pradesh,Muzaffarnagar,4.290171606864275e-05,LOW,0.0,0.0,0.1800000000000035,28.40999948
Madhya Pradesh,Katni,4.290171606864275e-05,LOW,0.195,1.1099999999997727,7.954999800000341,64.45999740999999
Assam,Bongaigaon,4.290171606864275e-05,LOW,0.0,0.0949999999999431,0.1949999939995452,147.839990944
Himachal Pradesh,Una,4.290171606864275e-05,LOW,0.0,0.0,0.43499997,42.51499966
Himachal Pradesh,Hamirpur,4.290171606864275e-05,LOW,0.0,0.0599999979998863,0.069999998,32.429997898
Assam,Kokrajhar,4.290171606864275e-05,LOW,0.0,0.0,0.3000000000009095,86.679999475
Assam,Marigaon,4.290171606864275e-05,LOW,0.0,0.0,0.0,36.069999886
Jammu and Kashmir,Pulwama,4.290171606864275e-05,LOW,0.0,0.0,0.0449999979998898,17.954999788000002
Jammu and Kashmir,Punch,4.290171606864275e-05,LOW,0.71,1.184999989999531,1.809999990000014,148.14999752999998
Uttar Pradesh,Mahoba,4.290171606864275e-05,LOW,0.0,0.0,5.579999989999801,80.82999688999999
Uttar Pradesh,Kushinagar,4.290171606864275e-05,LOW,0.0,0.0,0.0749999959996589,93.42999589299998
Himachal Pradesh,Bilaspur,4.290171606864275e-05,LOW,0.0,0.0,0.0,47.48500181
Uttar Pradesh,Firozabad,4.290171606864275e-05,LOW,0.0,0.0,1.5999999000009095,127.63499286
Haryana,Sonepat,3.563218390804598e-05,LOW,0.074999996,0.0799999959990905,1.674999996,425.689977286
Bihar,Munger,1.774447949526814e-05,LOW,0.33499998,4.144999879999886,9.659999110000058,62.2549983
Uttar Pradesh,Ghazipur,1.774447949526814e-05,LOW,0.80999994,5.329999940000116,13.684999090000002,77.93999649
Tamil Nadu,Theni,1.6904583020285498e-05,LOW,0.01,0.01,67.44999999999989,111.924997978
Uttar Pradesh,Varanasi,0.0,LOW,0.0,0.0,0.04,6.834999467
Manipur,West Imphal,0.0,LOW,0.155,1.4649999599999752,3.2899999299999467,10.624999707
Manipur,Bishnupur,0.0,LOW,0.0,0.0,3.0099999999998577,25.31499995
Chandigarh,Chandigarh,0.0,LOW,0.0,0.0,0.0,61.620006786
Bihar,Sheikhpura,0.0,LOW,0.0,0.0,0.0,1.24500004
Manipur,Thoubal,0.0,LOW,0.0,0.044999997999928,0.5199999579999431,9.399999518
Punjab,Nawan Shehar,0.0,LOW,0.04,0.0399999999995452,0.0399999999997655,76.02999865999999
Nagaland,Mokokchung,0.0,LOW,0.0,0.0,0.4449999999997158,20.739998587
Bihar,Nalanda,0.0,LOW,0.38,1.4899998999998845,5.0999998,60.369997
Uttaranchal,Udham Singh Nagar,0.0,LOW,0.0,0.4999999700002274,0.49999997,93.37999882
West Bengal,Dakshin Dinajpur,0.0,LOW,0.16999999,1.089999989999979,1.27999998,4.739999937
West Bengal,Darjiling,0.0,LOW,0.13,0.5199999599995169,1.3449999600002274,35.514999467
Uttaranchal,Champawat,0.0,LOW,0.0,0.0,0.0149999999999431,16.48499899000023
Bihar,Jehanabad,0.0,LOW,0.0,0.0,0.3149999999998854,12.605000263
Bihar,Khagaria,0.0,LOW,0.11000001,0.6250000100000456,1.36500002,3.050000026
Bihar,Lakhisarai,0.0,LOW,0.13,1.989999880000114,3.379999839999659,16.139999529
Meghalaya,South Garo Hills,0.0,LOW,0.044999998,0.0699999970000415,0.2649999859999928,1.224999971
Tamil Nadu,Virudhunagar,0.0,LOW,0.0,0.0,0.7349999600004617,6.30499981
Jharkhand,Sahibganj,0.0,LOW,0.095,0.4600000000001136,4.774999630000005,35.449998276
Gujarat,Anand,0.0,LOW,0.86999995,1.069999954,3.1249999540000566,8.769999842
Jammu and Kashmir,Srinagar,0.0,LOW,0.0,3.4549999999999743,4.115000019999943,13.39000001
Bihar,Bhagalpur,0.0,LOW,0.74,2.804999900000086,6.974999650000001,52.2249972
Madhya Pradesh,Gwalior,0.0,LOW,0.585,3.364999929999972,7.23999981,55.46499683
Madhya Pradesh,Datia,0.0,LOW,0.19999999,1.579999930000341,1.9099999299997763,5.60499988
Sikkim,South Sikkim,0.0,LOW,0.0,0.0299999999999715,0.07,1.994999964
Sikkim,East,0.0,LOW,0.01,0.2299999700000035,0.3249999680000002,3.284999889
Bihar,Buxar,0.0,LOW,0.0,0.5100000000000529,2.104999969999973,19.834999663
Sikkim,West Sikkim,0.0,LOW,0.14999999,0.4899999950000498,1.0349999650000004,8.194999794
Tamil Nadu,Chennai,0.0,LOW,0.0,0.0,0.6099999999999999,1.7099999599999998
Tamil Nadu,Ariyalur,0.0,LOW,0.0,0.0,1.2099999999999929,126.45999736
Kerala,Kottayam,0.0,LOW,0.0,0.0,0.0,4.844999959999773
Goa,North Goa,0.0,LOW,0.0,0.0,8.879999760000029,149.11499641
Dadra and Nagar Haveli,Dadra and Nagar Haveli,0.0,LOW,0.0,0.0049999999999964,3.4849996,20.56999893
Bihar,Bhojpur,0.0,LOW,0.01,0.1200000000000569,0.7399999819998873,7.974999918000001
Bihar,Begusarai,0.0,LOW,0.06,0.060000000000007,0.454999988,3.3649998480000005
Assam,Nalbari,0.0,LOW,0.0,0.0,0.3249999999997726,39.19499869
Tamil Nadu,Perambalur,0.0,LOW,0.0,0.0,7.075,20.9
Jharkhand,Lohardaga,0.0,LOW,0.0,1.054999969999888,2.4749999700000016,4.424999939999887
Haryana,Fatehabad,0.0,LOW,0.0,0.0,0.0399999999999431,16.204998755000002
Jammu and Kashmir,Bagdam,0.0,LOW,0.01,0.0549999980000568,0.099999996,7.589999696
Uttar Pradesh,Hathras,0.0,LOW,0.03,0.1349999960005684,0.154999996,29.399996894
Uttar Pradesh,Hamirpur,0.0,LOW,0.255,2.734999850000313,5.1099997,42.544999068
Uttar Pradesh,Kaushambi,0.0,LOW,0.0,0.0449999979997726,0.224999988,12.079999638
Haryana,Jind,0.0,LOW,0.0,0.0,0.0099999999995452,19.904998689
Haryana,Rewari,0.0,LOW,0.0,0.0,0.13499999,0.379999975
Haryana,Panipat,0.0,LOW,0.0,0.0,0.0,3.29999974
Uttar Pradesh,Sant Ravi Das Nagar,0.0,LOW,0.0,0.0,0.3449999999998507,12.7850001
Andhra Pradesh,Hyderabad,0.0,LOW,0.0,0.0,1.9950000999999928,6.2750001300000005
