state,district,latitude,longitude,rainfall_ml_probability,weather_probability,final_flood_probability,risk_level,weather_data_available
Rajasthan,Dhaulpur,26.7025,77.8934,0.7422370647599058,1.0,0.8195659453319339,HIGH,True
Arunachal Pradesh,Upper Dibang Valley,28.8,95.7,0.7415100702287214,1.0,0.819057049160105,HIGH,True
Madhya Pradesh,Tikamgarh,24.7437,78.8308,0.7399848414835876,1.0,0.8179893890385113,HIGH,True
Madhya Pradesh,Bhind,26.5587,78.7873,0.7395784083805823,1.0,0.8177048858664075,HIGH,True
Mizoram,Champhai,23.4656,93.3281,0.7339730967599148,1.0,0.8137811677319404,HIGH,True
Nagaland,Kohima,25.6751,94.1086,0.7305885078258052,1.0,0.8114119554780637,HIGH,True
Madhya Pradesh,Balaghat,21.8106,80.181,0.7346103802146158,0.99,0.8112272661502311,HIGH,True
Uttarakhand,Chamoli,30.4985956,79.6190537,0.729696485726155,1.0,0.8107875400083084,HIGH,True
West Bengal,Nadia,23.47,88.5565,0.7290072544783315,1.0,0.810305078134832,HIGH,True
Madhya Pradesh,Morena,26.3849794,77.8612721,0.7277898422088953,1.0,0.8094528895462267,HIGH,True
Bihar,Purnia,25.7771,87.4753,0.731755094744771,0.99,0.8092285663213397,HIGH,True
Sikkim,North Sikkim,27.9,88.6,0.7360303714918085,0.98,0.8092212600442659,HIGH,True
Mizoram,Mamit,23.7564387,92.4515374,0.726080912898596,1.0,0.8082566390290171,HIGH,True
Gujarat,Navsari,20.9467,72.952,0.732628228060506,0.98,0.8068397596423542,HIGH,True
Bihar,Muzaffarpur,26.1209,85.3647,0.7231468408860607,1.0,0.8062027886202425,HIGH,True
Uttarakhand,Pithoragarh,29.585871,80.215167,0.7230457074894682,1.0,0.8061319952426276,HIGH,True
Rajasthan,Karauli,26.4947,77.0169,0.7436217485261879,0.95,0.8055352239683315,HIGH,True
Jharkhand,Dumka,24.2677937,87.2485495,0.7215589805605336,1.0,0.8050912863923734,HIGH,True
Uttar Pradesh,Kanpur Dehat,26.4585639,79.8548052,0.7253138407553748,0.99,0.8047196885287622,HIGH,True
Manipur,Senapati,25.3933697,94.1501773,0.7208635990778263,1.0,0.8046045193544784,HIGH,True
Meghalaya,West Garo Hills,25.6065343,90.2038335,0.7194962653597259,1.0,0.803647385751808,HIGH,True
Maharashtra,Nashik,19.9975,73.7898,0.7193373491414876,1.0,0.8035361443990412,HIGH,True
Uttar Pradesh,Bulandshahr,28.3874073,77.9743805,0.7180799726013107,1.0,0.8026559808209175,HIGH,True
Mizoram,Aizawl,23.7271,92.7176,0.7259952074647587,0.98,0.8021966452253311,HIGH,True
Uttar Pradesh,Unnao,26.5673264,80.6198193,0.7172744240266798,1.0,0.8020920968186758,HIGH,True
Uttarakhand,Tehri Garhwal,30.4658181,78.4837349,0.7160860982161619,1.0,0.8012602687513133,HIGH,True
Maharashtra,Kolhapur,16.7028412,74.2405329,0.7139697952647969,1.0,0.7997788566853578,HIGH,True
West Bengal,North 24 Parganas,22.6167,88.4,0.7309406348343687,0.96,0.799658444384058,HIGH,True
Arunachal Pradesh,Tawang,27.5879186,91.863733,0.7137087823294367,1.0,0.7995961476306057,HIGH,True
Assam,Dibrugarh,27.4728,94.912,0.7393726377663253,0.94,0.7995608464364277,HIGH,True
Arunachal Pradesh,West Kameng,27.2986936,92.4741211,0.710659037945824,1.0,0.7974613265620767,HIGH,True
Meghalaya,Jaintia Hills,25.5,92.25,0.7137766612943244,0.99,0.796643662906027,HIGH,True
Madhya Pradesh,Jhabua,22.8869652,74.7243249,0.7073316285319584,1.0,0.7951321399723709,HIGH,True
Uttar Pradesh,Badaun,28.0649367,79.043832,0.7238696395379485,0.96,0.794708747676564,HIGH,True
Rajasthan,Jhalawar,24.3132368,76.5221078,0.7061228755451893,1.0,0.7942860128816325,HIGH,True
Tripura,South Tripura,23.1708278,91.638817,0.7060336210885257,1.0,0.7942235347619679,HIGH,True
Jharkhand,Deoghar,24.4898318,86.6990182,0.7058189167223978,1.0,0.7940732417056784,HIGH,True
Arunachal Pradesh,Papum Pare,27.2863667,93.6187716,0.7024730141384087,1.0,0.791731109896886,HIGH,True
Chhattisgarh,Kawardha,22.01,81.23,0.7352911128162591,0.92,0.7907037789713814,HIGH,True
Uttar Pradesh,Azamgarh,26.0737,83.1859,0.7336711265466083,0.92,0.7895697885826258,HIGH,True
Gujarat,Dang,20.7881718,73.7092033,0.6985582615202085,1.0,0.7889907830641458,HIGH,True
Uttar Pradesh,Sultanpur,26.2604732,82.2380532,0.7193496627653075,0.95,0.7885447639357153,HIGH,True
Uttar Pradesh,Rae Bareli,26.25,81.25,0.6964529396297415,1.0,0.787517057740819,HIGH,True
Bihar,Siwan,26.2196,84.3567,0.7435493404733385,0.89,0.7874845383313369,HIGH,True
Jharkhand,Dhanbad,23.7952809,86.4309638,0.704949975855986,0.98,0.7874649830991901,HIGH,True
Tripura,West Tripura,23.9153329,91.3879341,0.7257619460545846,0.93,0.7870333622382092,HIGH,True
Tripura,Dhalai,23.8253158,91.9732227,0.7080991135026641,0.97,0.7866693794518649,HIGH,True
Arunachal Pradesh,Changlang,27.2698797,96.0602442,0.6951239014967975,1.0,0.7865867310477581,HIGH,True
Uttar Pradesh,Bareilly,28.4582345,79.4047452,0.69461817841585,1.0,0.786232724891095,HIGH,True
Meghalaya,West Khasi Hills,25.5814429,91.0851094,0.6937723668492304,1.0,0.7856406567944612,HIGH,True
Meghalaya,East Garo Hills,25.6184946,90.6342162,0.7190835362266209,0.94,0.7853584753586347,HIGH,True
Uttar Pradesh,Auraiya,26.6558215,79.5160757,0.709567487962678,0.96,0.7846972415738745,HIGH,True
West Bengal,East Midnapore,22.0521107,88.0712466,0.7161105624586587,0.94,0.7832773937210611,HIGH,True
Arunachal Pradesh,Lower Subansiri,27.6059753,93.8669707,0.6900632803857283,1.0,0.7830442962700097,HIGH,True
Manipur,Ukhrul,25.0978641,94.3610713,0.6833749981604145,1.0,0.7783624987122901,HIGH,True
Bihar,Madhepura,25.7806118,86.9364753,0.6956483201995154,0.97,0.7779538241396607,HIGH,True
Uttar Pradesh,Lalitpur,24.6999688,78.51862,0.6824486677923877,1.0,0.7777140674546713,HIGH,True
Meghalaya,East Khasi Hills,25.4023736,91.8317178,0.6821887225406595,1.0,0.7775321057784617,HIGH,True
West Bengal,West Midnapore,22.4188528,87.307174,0.7249915501611858,0.9,0.77749408511283,HIGH,True
Haryana,Jhajjar,28.5964461,76.6505366,0.7287877618504788,0.89,0.7771514332953351,HIGH,True
Rajasthan,Kota,25.2138,75.8648,0.7137522311486751,0.92,0.7756265618040725,HIGH,True
West Bengal,Uttar Dinajpur,25.8721428,87.961986,0.7053462881695043,0.93,0.772742401718653,HIGH,True
Uttar Pradesh,Mau,26.0390905,83.4985846,0.6998494164193265,0.94,0.7718945914935285,HIGH,True
Uttar Pradesh,Ballia,25.8749595,84.1210329,0.6869532089038358,0.95,0.765867246232685,HIGH,True
Meghalaya,Ri-Bhoi,25.8764026,91.8567574,0.677574688907802,0.97,0.7653022822354614,HIGH,True
Jharkhand,West Singhbhum,22.558,85.788,0.7212100897675652,0.86,0.7628470628372956,HIGH,True
Bihar,Samastipur,25.7747885,85.8672314,0.6576179828383395,1.0,0.7603325879868377,HIGH,True
Madhya Pradesh,Guna,24.5001772,77.2600959,0.6565730046917451,1.0,0.7596011032842215,HIGH,True
Jharkhand,Garhwa,24.053577,83.6526818,0.6943860298350448,0.9,0.7560702208845314,HIGH,True
Madhya Pradesh,Neemuch,24.6305517,75.1829,0.6683363587421977,0.96,0.7558354511195383,HIGH,True
Bihar,Saharsa,25.8330757,86.6143751,0.6508783891877047,1.0,0.7556148724313932,HIGH,True
West Bengal,Murshidabad,24.1745993,88.2721335,0.6480724098553595,1.0,0.7536506868987516,HIGH,True
Madhya Pradesh,Shahdol,23.3002343,81.364771,0.656512805465284,0.98,0.7535589638256988,HIGH,True
Karnataka,Mandya,12.6368939,76.7275477,0.6467552588296506,1.0,0.7527286811807554,HIGH,True
Maharashtra,Dhule,21.1305215,74.4900614,0.6859414199650727,0.9,0.7501589939755509,HIGH,True
Arunachal Pradesh,East Kameng,27.557781,93.0753012,0.6741525533851533,0.92,0.7479067873696073,HIGH,True
Jharkhand,Jamtara,23.9801639,86.9243637,0.6366075721660851,1.0,0.7456253005162595,HIGH,True
Andhra Pradesh,Visakhapatnam,17.6868,83.2185,0.6867085026810079,0.88,0.7446959518767056,HIGH,True
Odisha,Nayagarh,20.2393682,85.050728,0.6965684702739706,0.84,0.7395979291917794,HIGH,True
Karnataka,Vijayapura,16.814415,75.8933856,0.6349590511866857,0.98,0.73847133583068,HIGH,True
Chhattisgarh,Janjgir-Champa,21.986403,82.5536606,0.7177346896188339,0.78,0.7364142827331837,HIGH,True
Uttar Pradesh,Kanpur,26.4499,80.3319,0.6202992417575357,1.0,0.734209469230275,HIGH,True
Madhya Pradesh,Rewa,24.7560846,81.3810574,0.6272219293896512,0.97,0.7300553505727558,HIGH,True
Maharashtra,Raigarh,18.9818971,73.1141545,0.6090102514079964,1.0,0.7263071759855975,HIGH,True
Assam,Dima Hasao,25.4003625,93.0752292,0.7065780939210087,0.76,0.722604665744706,HIGH,True
West Bengal,South 24 Parganas,22.1776733,88.5307853,0.6263843394064805,0.94,0.7204690375845363,HIGH,True
Punjab,Patiala,30.2092778,76.3397231,0.6597070397157827,0.86,0.7197949278010478,HIGH,True
Assam,Dhemaji,27.5945155,94.7192098,0.6014921504208187,0.98,0.7150445052945731,HIGH,True
Rajasthan,Dausa,26.8048659,76.4437457,0.6266505772033191,0.92,0.7146554040423234,HIGH,True
Madhya Pradesh,Chhatarpur,24.7606089,79.6781776,0.5871644882720931,1.0,0.7110151417904651,HIGH,True
Chhattisgarh,Kanker,20.2692747,81.4932111,0.662860137167848,0.82,0.7100020960174935,HIGH,True
Madhya Pradesh,Dhar,22.5786572,75.2258637,0.5940107172143597,0.97,0.7068075020500517,HIGH,True
Karnataka,Uttara Kannada,14.7253795,74.6403389,0.5802758182795369,1.0,0.7061930727956758,HIGH,True
Andhra Pradesh,East Godavari,16.9956639,81.7154378,0.7213120430592836,0.67,0.7059184301414985,HIGH,True
Maharashtra,Satara,17.6361289,74.2982781,0.5739522324687356,1.0,0.7017665627281149,HIGH,True
Madhya Pradesh,Damoh,23.7981005,79.5419356,0.5805580318498544,0.98,0.7003906222948981,HIGH,True
Maharashtra,Chandrapur,20.0967555,79.5045475,0.6224902463084736,0.88,0.6997431724159315,MEDIUM,True
Bihar,Darbhanga,26.0829899,86.0324951,0.5915083902750277,0.95,0.6990558731925194,MEDIUM,True
Odisha,Kendujhar,21.5892323,85.6687841,0.7327947721978245,0.62,0.6989563405384771,MEDIUM,True
Maharashtra,Yavatmal,20.0638677,78.3565663,0.6979189739572156,0.69,0.6955432817700509,MEDIUM,True
Odisha,Kalahandi,19.8265757,83.0408702,0.6412238324157823,0.82,0.6948566826910475,MEDIUM,True
Gujarat,Panchmahal,22.6978099,73.5980682,0.7279787189268387,0.61,0.6925851032487871,MEDIUM,True
Gujarat,Amreli,21.4176122,71.249609,0.7268445354344619,0.61,0.6917911748041232,MEDIUM,True
Gujarat,Junagadh,21.5220416,70.4582458,0.5764824208163545,0.96,0.6915376945714481,MEDIUM,True
Madhya Pradesh,Dindori,22.9070871,80.8846924,0.5582609010998033,1.0,0.6907826307698623,MEDIUM,True
Chhattisgarh,Korba,22.5198217,82.6350029,0.5618829436138335,0.99,0.6903180605296835,MEDIUM,True
Gujarat,Ahmedabad,23.0225,72.5714,0.6896996090295643,0.69,0.6897897263206949,MEDIUM,True
Maharashtra,Ratnagiri,17.2826079,73.4569787,0.5501121883101612,1.0,0.6850785318171129,MEDIUM,True
Himachal Pradesh,Lahaul and Spiti,32.57,77.03,0.5483050452404091,1.0,0.6838135316682863,MEDIUM,True
Odisha,Malkangiri,18.2744685,81.9520316,0.5601524829404891,0.96,0.6801067380583423,MEDIUM,True
Tamil Nadu,Tiruvannamalai,12.4289282,78.99915,0.6186704829798927,0.82,0.6790693380859248,MEDIUM,True
Uttar Pradesh,Shahjahanpur,27.9128583,79.7476254,0.5364788968653038,1.0,0.6755352278057126,MEDIUM,True
Uttar Pradesh,Gautam Buddha Nagar,28.368716,77.5970121,0.5331184121622325,0.99,0.6701828885135628,MEDIUM,True
Haryana,Bhiwani,28.7931703,76.1391283,0.5882907607774591,0.86,0.6698035325442213,MEDIUM,True
Uttar Pradesh,Deoria,26.4239911,83.7638578,0.5517714568931107,0.94,0.6682400198251774,MEDIUM,True
Madhya Pradesh,Panna,24.4498931,80.1462723,0.5248657570382004,0.99,0.6644060299267402,MEDIUM,True
Odisha,Nuapada,20.5412657,82.5292352,0.7171734374929657,0.54,0.664021406245076,MEDIUM,True
Nagaland,Phek,25.6700924,94.3843925,0.5180015113960068,1.0,0.6626010579772048,MEDIUM,True
Madhya Pradesh,Satna,24.6954445,80.7770348,0.5168946971870193,1.0,0.6618262880309135,MEDIUM,True
Madhya Pradesh,Ujjain,23.1885131,75.7716562,0.525055066363597,0.98,0.6615385464545178,MEDIUM,True
Gujarat,Jamnagar,22.4732415,70.0552102,0.6748657704022566,0.63,0.6614060392815796,MEDIUM,True
Kerala,Palakkad,10.7873692,76.4742172,0.5142839878470042,1.0,0.6599987914929029,MEDIUM,True
Jammu and Kashmir,Kathua,32.3765524,75.5243044,0.5557855780445521,0.9,0.6590499046311864,MEDIUM,True
Karnataka,Davanagere,14.2558835,75.8303421,0.580664396641514,0.84,0.6584650776490598,MEDIUM,True
Maharashtra,Sangli,17.1726928,74.5867654,0.5188757409423121,0.98,0.6572130186596185,MEDIUM,True
Madhya Pradesh,Ashoknagar,24.6186095,77.8786983,0.5138131205940786,0.99,0.656669184415855,MEDIUM,True
Assam,Karbi Anglong,26.0712781,93.4552969,0.5939174489284524,0.8,0.6557422142499167,MEDIUM,True
Uttar Pradesh,Sonbhadra,24.4148159,83.0637517,0.5405671805485867,0.92,0.6543970263840106,MEDIUM,True
Andhra Pradesh,Khammam,17.0786014,81.2610665,0.6443895171111312,0.66,0.6490726619777918,MEDIUM,True
Bihar,Saran,25.9214451,84.7759731,0.5009733996472626,0.99,0.6476813797530838,MEDIUM,True
Gujarat,Rajkot,22.3039,70.8022,0.731561790713704,0.42,0.6380932534995928,MEDIUM,True
Uttar Pradesh,Lakhimpur Kheri,28.1834229,80.7131272,0.52143012052369,0.91,0.638001084366583,MEDIUM,True
Maharashtra,Wardha,20.8256231,78.6131455,0.5428300050862412,0.86,0.6379810035603688,MEDIUM,True
Madhya Pradesh,Harda,22.2427973,77.1179173,0.4799122411311476,1.0,0.6359385687918033,MEDIUM,True
Karnataka,Hassan,13.0301852,76.1744968,0.4764793520507304,0.98,0.6275355464355112,MEDIUM,True
Rajasthan,Jaipur,26.9124,75.7873,0.5277506720145994,0.86,0.6274254704102196,MEDIUM,True
Karnataka,Haveri,14.7180268,75.3656423,0.4665140667132718,1.0,0.6265598466992902,MEDIUM,True
Uttar Pradesh,Ambedkar Nagar,26.4045941,82.6065154,0.4951849623576352,0.92,0.6226294736503446,MEDIUM,True
Maharashtra,Nanded,19.0942729,77.4832628,0.575109789462801,0.73,0.6215768526239607,MEDIUM,True
Jharkhand,Chatra,24.1062316,84.8623379,0.5193363652727122,0.86,0.6215354556908985,MEDIUM,True
Gujarat,Dahod,22.9194099,74.1342725,0.513850824195352,0.87,0.6206955769367464,MEDIUM,True
Rajasthan,Ajmer,26.4499,74.6399,0.6584276131613536,0.53,0.6198993292129474,MEDIUM,True
Karnataka,Dakshina Kannada,12.8226434,75.2265036,0.4623476166864897,0.98,0.6176433316805428,MEDIUM,True
Andhra Pradesh,Krishna,16.2135466,81.0277844,0.6444965524983958,0.55,0.616147586748877,MEDIUM,True
Maharashtra,Gadchiroli,19.7590704,80.1622807,0.4687581659022373,0.96,0.6161307161315661,MEDIUM,True
Madhya Pradesh,Indore,22.7196,75.8577,0.461211261652693,0.96,0.6108478831568851,MEDIUM,True
Uttar Pradesh,Pilibhit,28.4947158,80.1076122,0.4537393639255325,0.97,0.6086175547478727,MEDIUM,True
Maharashtra,Nagpur,21.1498134,79.0820556,0.474233666198097,0.92,0.6079635663386679,MEDIUM,True
Tamil Nadu,Coimbatore,11.0018115,76.9628425,0.4393658092652675,1.0,0.6075560664856872,MEDIUM,True
Karnataka,Ballari,15.3483166,76.8054883,0.4765697990911095,0.9,0.6035988593637767,MEDIUM,True
Madhya Pradesh,Sidhi,24.2112687,81.7000415,0.4398830628826142,0.98,0.6019181440178298,MEDIUM,True
Maharashtra,Pune,18.5204,73.8567,0.4309639453525246,1.0,0.6016747617467672,MEDIUM,True
Uttarakhand,Dehradun,30.3255646,78.0436813,0.4233841675941352,1.0,0.5963689173158946,MEDIUM,True
Rajasthan,Rajsamand,25.2892459,73.8241077,0.7184509364403396,0.31,0.5959156555082377,MEDIUM,True
Chhattisgarh,Raj Nandgaon,22.6881652,77.2851373,0.4307979020324214,0.98,0.595558531422695,MEDIUM,True
Maharashtra,Dharashiv,18.169844,76.1179632,0.4736152651900914,0.88,0.595530685633064,MEDIUM,True
Odisha,Kandhamal,20.1306939,84.0790476,0.5368833137279063,0.73,0.5948183196095344,MEDIUM,True
Odisha,Jagatsinghpur,20.2593872,86.1660878,0.6224037721206099,0.53,0.594682640484427,MEDIUM,True
Karnataka,Kalaburagi,17.2408957,76.7697439,0.4977925654726937,0.82,0.5944547958308856,MEDIUM,True
Bihar,Araria,26.1346459,87.4654062,0.4670200467585577,0.89,0.5939140327309904,MEDIUM,True
Andhra Pradesh,Anantapur,14.6783221,77.6065039,0.595239856041257,0.59,0.5936678992288799,MEDIUM,True
Madhya Pradesh,Mandla,22.6871074,80.5816341,0.415848823774692,1.0,0.5910941766422844,MEDIUM,True
Chhattisgarh,Surguja,22.9470108,83.1656868,0.5037635026936718,0.78,0.5866344518855702,MEDIUM,True
Assam,Dhubri,26.132275,90.1249962,0.4514499777472277,0.9,0.5860149844230593,MEDIUM,True
Madhya Pradesh,Dewas,22.8057498,76.2940408,0.4166072013153002,0.98,0.5856250409207101,MEDIUM,True
Delhi,Delhi,28.6664535,77.2169781,0.4153802981507114,0.98,0.5847662087054979,MEDIUM,True
Maharashtra,Chhatrapati Sambhajinagar,19.877263,75.3390241,0.4232181861395092,0.96,0.5842527302976563,MEDIUM,True
Maharashtra,Solapur,17.8499067,75.2763203,0.4144575969748849,0.98,0.5841203178824194,MEDIUM,True
Madhya Pradesh,Sehore,23.1150041,77.0665356,0.4112540532977402,0.98,0.5818778373084181,MEDIUM,True
Tamil Nadu,Thanjavur,10.659037,79.2014278,0.5083264732453661,0.75,0.5808285312717563,MEDIUM,True
Madhya Pradesh,Narsinghpur,22.934556,79.0867849,0.4010274237178137,1.0,0.5807191966024696,MEDIUM,True
Gujarat,Mahesana,23.6015557,72.3867981,0.5973978517877656,0.53,0.5771784962514359,MEDIUM,True
Maharashtra,Mumbai,19.076,72.8777,0.393480393767636,1.0,0.5754362756373452,MEDIUM,True
Tamil Nadu,Dharmapuri,12.1456131,78.1132217,0.4447775589330955,0.86,0.5693442912531668,MEDIUM,True
West Bengal,Birbhum,24.0621532,87.6982823,0.3833433613302958,1.0,0.568340352931207,MEDIUM,True
Rajasthan,Baran,24.9208165,76.6821985,0.3885964775063135,0.98,0.5660175342544194,MEDIUM,True
Gujarat,Bharuch,21.7080427,72.9956936,0.3896626628584823,0.96,0.5607638640009376,MEDIUM,True
Rajasthan,Chittorgarh,24.7171578,74.4718129,0.4203367037314047,0.88,0.5582356926119834,MEDIUM,True
Chhattisgarh,Durg,21.1982964,81.4007922,0.454379986837392,0.8,0.5580659907861744,MEDIUM,True
Odisha,Balangir,20.6095183,83.1673029,0.5645617880881991,0.54,0.5571932516617394,MEDIUM,True
Andhra Pradesh,Vizianagaram,18.1141255,83.4114389,0.4642283434112075,0.77,0.5559598403878452,MEDIUM,True
Chhattisgarh,Jashpur,22.770251,83.9708013,0.3810077016021878,0.96,0.5547053911215314,MEDIUM,True
Gujarat,Gandhinagar,23.2232877,72.6492267,0.6300971064553919,0.37,0.5520679745187743,MEDIUM,True
Rajasthan,Sawai Madhopur,26.2290186,76.3043561,0.3914987581326807,0.92,0.5500491306928765,MEDIUM,True
Andhra Pradesh,Cuddapah,14.4956602,78.8349278,0.420218794020449,0.85,0.5491531558143143,MEDIUM,True
Maharashtra,Thane,19.3653598,73.3685437,0.3556023906038101,1.0,0.5489216734226671,MEDIUM,True
Jharkhand,Hazaribag,23.9924352,85.3616252,0.3885979276112257,0.92,0.548018549327858,MEDIUM,True
Andhra Pradesh,Srikakulam,18.2949307,83.8938844,0.5211754498197285,0.61,0.54782281487381,MEDIUM,True
Chhattisgarh,Dhamtari,20.5326259,81.7155987,0.4242091568494411,0.83,0.5459464097946087,MEDIUM,True
Maharashtra,Akola,20.7618122,77.1921157,0.5527000136892721,0.53,0.5458900095824905,MEDIUM,True
Gujarat,Bhavnagar,21.7718836,72.1416449,0.616899357658443,0.38,0.5458295503609101,MEDIUM,True
Himachal Pradesh,Chamba,32.6923316,76.1631552,0.3506883685286817,1.0,0.5454818579700771,MEDIUM,True
Andhra Pradesh,Mahbubnagar,14.4110136,78.9746385,0.4403677624563256,0.79,0.5452574337194278,MEDIUM,True
Maharashtra,Buldhana,20.562845,76.4086986,0.5584628558783659,0.51,0.5439239991148561,MEDIUM,True
Rajasthan,Pali,25.4552211,73.419389,0.7025201445717478,0.17,0.5427641012002234,MEDIUM,True
Assam,Tinsukia,27.4879722,95.3601855,0.3799099502648049,0.92,0.5419369651853634,MEDIUM,True
Assam,Lakhimpur,27.1763356,94.1992932,0.3966175336249114,0.88,0.5416322735374379,MEDIUM,True
Andhra Pradesh,Karimnagar,18.4348122,79.1328042,0.4903557114069495,0.65,0.5382489979848646,MEDIUM,True
Odisha,Koraput,18.7232023,82.6100596,0.335330939195425,1.0,0.5347316574367975,MEDIUM,True
Karnataka,Bangalore Rural,13.0010872,77.3361225,0.3704596471174887,0.9,0.529321752982242,MEDIUM,True
Punjab,Sangrur,30.135717,75.8533326,0.3861401592425036,0.86,0.5282981114697525,MEDIUM,True
Madhya Pradesh,Mandsaur,24.2628148,75.385692,0.3414279829426882,0.96,0.5269995880598817,MEDIUM,True
Karnataka,Belagavi,16.1587846,74.888862,0.3207146731296431,1.0,0.5245002711907502,MEDIUM,True
Jharkhand,Giridih,24.3314546,86.1548117,0.3170188682825959,1.0,0.5219132077978171,MEDIUM,True
Madhya Pradesh,Betul,21.8797472,77.8753651,0.3148634716727667,1.0,0.5204044301709366,MEDIUM,True
Andhra Pradesh,Guntur,16.2915189,80.4541588,0.5159466758489715,0.53,0.52016267309428,MEDIUM,True
Chhattisgarh,Raipur,21.2514,81.6296,0.4166820517516181,0.76,0.5196774362261326,MEDIUM,True
Andhra Pradesh,Nalgonda,17.0504406,79.2669235,0.5319389821789218,0.48,0.5163572875252452,MEDIUM,True
Tamil Nadu,Dindigul,10.4257161,77.8154728,0.3646127552865396,0.87,0.5162289287005777,MEDIUM,True
Bihar,Vaishali,25.7491703,85.3972164,0.319936473604654,0.96,0.5119555315232578,MEDIUM,True
Maharashtra,Nandurbar,21.5141622,74.5405513,0.4432108536288118,0.67,0.5112475975401682,MEDIUM,True
Madhya Pradesh,Narmadapuram,22.6002833,77.9269848,0.3181304415729805,0.96,0.5106913091010863,MEDIUM,True
Punjab,Moga,30.7877554,75.159359,0.3943820033925505,0.78,0.5100674023747853,MEDIUM,True
Jharkhand,Simdega,22.5904573,84.5464805,0.3485607079355526,0.88,0.5079924955548868,MEDIUM,True
Andhra Pradesh,Nellore,14.4493717,79.9873763,0.4498183156941778,0.64,0.5068728209859245,MEDIUM,True
Rajasthan,Sri Ganganagar,29.4605539,73.5850528,0.5713247045382507,0.35,0.5049272931767754,MEDIUM,True
Madhya Pradesh,Seoni,22.2748109,79.7202522,0.3003666075387538,0.98,0.5042566252771277,MEDIUM,True
Andhra Pradesh,West Godavari,16.6443029,81.5885247,0.4250442325458822,0.68,0.5015309627821175,MEDIUM,True
Uttar Pradesh,Jalaun,26.1048633,79.3919136,0.2871753099661215,1.0,0.5010227169762851,MEDIUM,True
Odisha,Sundargarh,22.0605153,83.9359154,0.3434384781676811,0.86,0.49840693471737674,MEDIUM,True
Assam,Kamrup,26.1468861,91.2227397,0.33784915373128,0.86,0.494494407611896,MEDIUM,True
Uttar Pradesh,Moradabad,28.8796553,78.8095335,0.3370267427741157,0.86,0.49391871994188097,MEDIUM,True
Odisha,Mayurbhanj,21.9156338,86.3961824,0.272651881167795,1.0,0.49085631681745645,MEDIUM,True
Rajasthan,Churu,28.2047781,74.6912996,0.4828490705555377,0.49,0.4849943493888764,MEDIUM,True
Jharkhand,Palamu,24.2212983,84.1725565,0.3023925863554048,0.91,0.48467481044878336,MEDIUM,True
Chhattisgarh,Bastar,19.1191283,81.8291865,0.3230531138809108,0.86,0.48413717971663756,MEDIUM,True
Rajasthan,Udaipur,24.5854,73.7125,0.4186442538541438,0.63,0.4820509776979006,MEDIUM,True
Punjab,Fatehgarh Sahib,30.6634042,76.3803,0.3611844446282526,0.76,0.4808291112397768,MEDIUM,True
Madhya Pradesh,Chhindwara,22.2071897,78.798833,0.2564180533809035,1.0,0.47949263736663245,MEDIUM,True
Rajasthan,Sirohi,24.8114047,72.8300257,0.659029118058872,0.06,0.47932038264121035,MEDIUM,True
Madhya Pradesh,Sagar,23.8083076,78.758254,0.2553092447507286,1.0,0.47871647132551,MEDIUM,True
Odisha,Ganjam,19.6090068,84.7080633,0.3696054277023046,0.73,0.47772379939161325,MEDIUM,True
Odisha,Puri,19.8076083,85.8252538,0.4034248908130049,0.65,0.4773974235691034,MEDIUM,True
Odisha,Sambalpur,21.5570606,84.1528515,0.3130798351102333,0.84,0.4711558845771633,MEDIUM,True
Maharashtra,Latur,18.3553347,76.7548997,0.3472836295275893,0.76,0.47109854066931245,MEDIUM,True
Jammu and Kashmir,Baramulla,34.2086903,74.343498,0.2441999592177619,1.0,0.4709399714524333,MEDIUM,True
Punjab,Faridkot,30.6014507,74.7950176,0.3852560834074079,0.67,0.47067925838518554,MEDIUM,True
Tamil Nadu,Tiruchchirappalli,10.8067917,78.7039861,0.2725568660383757,0.92,0.466789806226863,MEDIUM,True
Bihar,Supaul,26.2768089,86.7959614,0.2869972016068098,0.87,0.46189804112476684,MEDIUM,True
Odisha,Jajpur,20.8746788,86.1215393,0.4017901772317163,0.58,0.45525312406220136,MEDIUM,True
Maharashtra,Bhandara,21.1225869,79.794509,0.233761136708128,0.97,0.4546327956956896,MEDIUM,True
Andhra Pradesh,Nizamabad,18.3019069,84.0237423,0.3867337325688484,0.61,0.4537136127981939,MEDIUM,True
Chhattisgarh,Bilaspur,22.1638486,82.1365923,0.2937143167294539,0.82,0.4516000217106177,MEDIUM,True
Tamil Nadu,Thoothukudi,8.8457035,77.9938178,0.2097812227768178,1.0,0.44684685594377244,MEDIUM,True
Odisha,Khordha,20.0538149,85.5023308,0.3100574621484012,0.76,0.44504022350388084,MEDIUM,True
Madhya Pradesh,Raisen,23.2675909,78.1727134,0.2017609672705352,1.0,0.44123267708937464,MEDIUM,True
Uttar Pradesh,Bahraich,27.7343823,81.47654,0.260467800199594,0.86,0.4403274601397158,MEDIUM,True
Rajasthan,Nagaur,26.9873443,73.7389011,0.5456195797953297,0.19,0.43893370585673075,MEDIUM,True
Chhattisgarh,Raigarh,22.2361795,83.3529534,0.2243504597874864,0.93,0.4360453218512405,MEDIUM,True
Maharashtra,Gondia,21.455228,80.1962729,0.1920233747847385,1.0,0.4344163623493169,MEDIUM,True
Rajasthan,Bikaner,28.0159286,73.3171367,0.5417107020473598,0.18,0.43319749143315184,MEDIUM,True
Maharashtra,Beed,18.9918442,75.909784,0.3333790165847535,0.66,0.43136531160932745,MEDIUM,True
Tripura,North Tripura,24.0921476,92.2451214,0.2273327038531848,0.89,0.42613289269722937,MEDIUM,True
Maharashtra,Parbhani,19.2901981,76.6026443,0.3147363455854812,0.67,0.42131544190983683,MEDIUM,True
Uttar Pradesh,Pratapgarh,25.75,81.75,0.1789159732371067,0.98,0.41924118126597465,MEDIUM,True
Jammu and Kashmir,Kargil,32.7045476,74.871206,0.1685811786722984,1.0,0.4180068250706089,MEDIUM,True
Gujarat,Narmada,21.7392624,73.6262458,0.1673961554739019,1.0,0.4171773088317313,MEDIUM,True
Madhya Pradesh,Shivpuri,25.3741215,77.8278866,0.1633531550646943,1.0,0.414347208545286,MEDIUM,True
Odisha,Balasore,21.5006421,86.919884,0.2961273720182337,0.69,0.41428916041276354,MEDIUM,True
Rajasthan,Tonk,26.1223198,75.6632235,0.1830042318454091,0.94,0.41010296229178633,MEDIUM,True
Maharashtra,Washim,20.2874178,77.2369655,0.2850228087912154,0.69,0.40651596615385077,MEDIUM,True
Madhya Pradesh,Ratlam,23.50222,74.9551534,0.21049004187542,0.86,0.405343029312794,MEDIUM,True
Gujarat,Kheda,22.8532503,72.9953586,0.3713317909402721,0.47,0.4009322536581904,MEDIUM,True
Haryana,Ambala,30.3843674,76.770421,0.1892403970653204,0.88,0.39646827794572426,LOW,True
Jammu and Kashmir,Jammu,32.7185614,74.8580917,0.1372930199468428,1.0,0.3961051139627899,LOW,True
Haryana,Faridabad,28.4031478,77.3105561,0.1481078868717052,0.96,0.39167552081019363,LOW,True
Odisha,Subarnapur,20.8535784,83.8529159,0.3019429810346588,0.6,0.39136008672426115,LOW,True
Himachal Pradesh,Sirmaur,30.6991321,77.4465304,0.1288099530540346,1.0,0.39016696713782417,LOW,True
Nagaland,Dimapur,25.9041378,93.7177609,0.1614588586397197,0.92,0.3890212010478038,LOW,True
Gujarat,Surendranagar,22.8251395,71.6209736,0.3537932676114789,0.47,0.3886552873280352,LOW,True
Odisha,Angul,21.102538,84.9536825,0.2575650611252645,0.69,0.38729554278768513,LOW,True
Arunachal Pradesh,Tirap,27.030169,95.4979175,0.1243942775049515,1.0,0.38707599425346606,LOW,True
Gujarat,Porbandar,21.6505229,69.6565371,0.1910138445405698,0.84,0.3857096911783988,LOW,True
Jammu and Kashmir,Kupwara,34.526,74.256,0.1688622907557521,0.89,0.3852036035290265,LOW,True
Mizoram,Lawngtlai,22.3913377,92.7397189,0.1181371615316072,1.0,0.38269601307212503,LOW,True
Andhra Pradesh,Warangal,17.9820644,79.5970954,0.2583445149204942,0.67,0.3818411604443459,LOW,True
Tamil Nadu,Tirunelveli,8.7139,77.7567,0.1320458151097726,0.96,0.3804320705768408,LOW,True
Rajasthan,Barmer,25.5814853,71.1924922,0.5412196975417453,0.0,0.37885378827922167,LOW,True
Uttar Pradesh,Fatehpur,25.8348023,80.9154547,0.1124521722820558,1.0,0.37871652059743904,LOW,True
Rajasthan,Jodhpur,26.2389,73.0243,0.4892112536586102,0.12,0.3784478775610271,LOW,True
Rajasthan,Bharatpur,27.2152,77.503,0.1091575011025317,1.0,0.37641025077177215,LOW,True
Mizoram,Saiha,22.2876724,93.01336,0.1079705505370905,1.0,0.37557938537596336,LOW,True
Karnataka,Dharwad,15.3707296,75.1332867,0.124340694169741,0.96,0.37503848591881866,LOW,True
Bihar,Madhubani,26.3503076,86.2296424,0.1373808929541643,0.92,0.37216662506791504,LOW,True
West Bengal,Howrah,22.5736296,88.3251045,0.1195695912888293,0.96,0.37169871390218046,LOW,True
Arunachal Pradesh,West Siang,28.1970922,94.48407,0.1014906940807037,1.0,0.3710434858564926,LOW,True
Mizoram,Serchhip,23.3052514,92.8455124,0.0984854654035955,1.0,0.36893982578251683,LOW,True
Rajasthan,Banswara,23.4915047,74.3502172,0.2385184235757867,0.67,0.3679628965030507,LOW,True
Karnataka,Gadag,15.416692,75.6815801,0.0957741977565391,1.0,0.36704193842957733,LOW,True
Odisha,Cuttack,20.4686,85.8792,0.3270842578670316,0.46,0.3669589805069221,LOW,True
Odisha,Dhenkanal,20.8351494,85.6022305,0.2190983875115814,0.71,0.36636887125810697,LOW,True
Haryana,Yamuna Nagar,30.1389108,77.301064,0.1113762766217789,0.96,0.3659633936352452,LOW,True
Uttar Pradesh,Amroha,28.7952632,78.3436244,0.1007489046395331,0.98,0.36452423324767314,LOW,True
Jammu and Kashmir,Udhampur,32.9219726,75.1331482,0.1090034143188966,0.96,0.3643023900232276,LOW,True
Jammu and Kashmir,Leh,34.1664372,74.808529,0.0992179378040675,0.98,0.36345255646284724,LOW,True
Tamil Nadu,Erode,11.4905282,77.3505274,0.15712781638661,0.84,0.361989471470627,LOW,True
Karnataka,Chitradurga,14.3049174,76.5296667,0.121895986330871,0.92,0.3613271904316097,LOW,True
West Bengal,Purba Bardhaman,23.388517,87.9068097,0.0865189511642378,1.0,0.36056326581496645,LOW,True
Jharkhand,East Singhbhum,22.8046,86.2029,0.1753157507242939,0.79,0.3597210255070057,LOW,True
Uttar Pradesh,Lucknow,26.8467,80.9462,0.0907717380265719,0.98,0.3575402166186003,LOW,True
Arunachal Pradesh,Lohit,28.0350162,96.1713515,0.1656917913469966,0.8,0.3559842539428976,LOW,True
Punjab,Firozpur,30.8753832,74.6525438,0.2185982653225901,0.67,0.3540187857258131,LOW,True
Uttarakhand,Rudraprayag,30.4915835,79.0366067,0.0766698330823764,1.0,0.3536688831576635,LOW,True
Jharkhand,Latehar,23.6880057,84.4969551,0.151216328235695,0.82,0.35185142976498646,LOW,True
Uttar Pradesh,Rampur,28.7934728,79.1845806,0.0984636463328903,0.94,0.3509245524330232,LOW,True
Uttar Pradesh,Jaunpur,25.7967065,82.4888992,0.0840639277720333,0.97,0.34984474944042326,LOW,True
Bihar,Gaya,24.7914,85.0002,0.0843950812938205,0.96,0.34707655690567435,LOW,True
Madhya Pradesh,Jabalpur,23.1815,79.9864,0.0645031325252146,1.0,0.3451521927676502,LOW,True
Arunachal Pradesh,Kurung Kumey,27.9863677,93.1578347,0.0629351474317407,1.0,0.3440546032022185,LOW,True
Maharashtra,Hingoli,19.5431163,77.1739432,0.1994643123065576,0.68,0.3436250186145903,LOW,True
Tamil Nadu,Pudukkottai,10.2903072,78.8173617,0.095249330875461,0.92,0.3426745316128227,LOW,True
Maharashtra,Ahilyanagar,19.092952,74.7493451,0.0589567221381012,1.0,0.34126970549667085,LOW,True
Uttar Pradesh,Prayagraj,25.4358,81.8463,0.0582216843559456,1.0,0.3407551790491619,LOW,True
Jharkhand,Koderma,24.4931239,85.5560811,0.0808477769786771,0.94,0.33859344388507395,LOW,True
Gujarat,Sabarkantha,23.8688505,73.013784,0.3332398021188791,0.35,0.33826786148321536,LOW,True
Odisha,Boudh,20.6407463,83.9969704,0.2291842408854955,0.59,0.33742896861984684,LOW,True
Tamil Nadu,Thiruvarur,10.6878621,79.4979437,0.1547951542664874,0.76,0.33635660798654116,LOW,True
Rajasthan,Bhilwara,25.470994,74.6961316,0.1837107571977401,0.69,0.3355975300384181,LOW,True
Madhya Pradesh,Shajapur,23.4171002,76.6074794,0.0477775802481443,1.0,0.333444306173701,LOW,True
Uttar Pradesh,Etawah,26.7155629,79.0917098,0.0456327480826565,1.0,0.33194292365785955,LOW,True
Uttar Pradesh,Gorakhpur,26.7606,83.3732,0.0731743399949644,0.93,0.3302220379964751,LOW,True
Andaman and Nicobar,Andaman Islands,13.2277144,92.9394925,0.0428514363506508,1.0,0.32999600544545554,LOW,True
Himachal Pradesh,Kullu,31.9578974,77.1089232,0.0423180623028349,1.0,0.3296226436119844,LOW,True
Karnataka,Mysuru,12.3041464,76.6529521,0.0463770255728265,0.99,0.3294639179009785,LOW,True
Assam,Goalpara,26.0491877,90.6001859,0.0672860653445094,0.94,0.32910024574115654,LOW,True
Goa,South Goa,15.3376121,73.9937035,0.0398741026807157,1.0,0.32791187187650095,LOW,True
Chhattisgarh,Mahasamund,21.1922846,82.4890263,0.2026613236057276,0.62,0.3278629265240093,LOW,True
Assam,Nagaon,26.3313646,92.7524763,0.056730858344063,0.96,0.32771160084084405,LOW,True
Uttar Pradesh,Saharanpur,29.9856799,77.5040646,0.0424792808422736,0.99,0.3267354965895915,LOW,True
Uttarakhand,Bageshwar,30.0087902,79.9280183,0.0360335442704064,1.0,0.32522348098928444,LOW,True
Chhattisgarh,Dantewada,18.8640648,81.3833947,0.0526711197180711,0.96,0.32486978380264975,LOW,True
Kerala,Idukki,9.8154785,76.9991599,0.0336574619243831,1.0,0.32356022334706813,LOW,True
Kerala,Thrissur,10.5270099,76.214621,0.0676011682735724,0.92,0.3233208177915007,LOW,True
Rajasthan,Alwar,27.553,76.6346,0.0504415227856444,0.96,0.32330906594995107,LOW,True
Uttarakhand,Uttarkashi,30.9635733,78.6362521,0.0321661931616187,1.0,0.32251633521313305,LOW,True
Uttar Pradesh,Ghaziabad,28.7749966,77.4586967,0.0401691783511417,0.98,0.32211842484579917,LOW,True
Bihar,East Champaran,26.6393261,84.8990136,0.0631512214252047,0.92,0.3202058549976433,LOW,True
Karnataka,Chikkamagaluru,13.4058699,75.638758,0.0265386756068933,1.0,0.3185770729248253,LOW,True
Karnataka,Bagalkot,16.1793224,75.6999315,0.0264624886852166,1.0,0.3185237420796516,LOW,True
Tamil Nadu,Karur,10.8217671,78.3828654,0.0593709463522291,0.92,0.3175596624465604,LOW,True
Daman and Diu,Junagadh,21.5220416,70.4582458,0.0412237741349404,0.96,0.3168566418944583,LOW,True
Himachal Pradesh,Kangra,32.0768665,76.2985872,0.0231067399593458,1.0,0.31617471797154206,LOW,True
Punjab,Ludhiana,30.9090157,75.851601,0.1257279975018065,0.76,0.3160095982512645,LOW,True
Bihar,Katihar,25.5586421,87.6457196,0.0386518539713594,0.96,0.31505629777995153,LOW,True
Himachal Pradesh,Kinnaur,31.593013,78.3281417,0.0202781868380862,1.0,0.3141947307866603,LOW,True
Tamil Nadu,Vellore,12.9021849,79.061104,0.0793601788399023,0.86,0.31355212518793163,LOW,True
Assam,Sivasagar,26.9834936,94.6394226,0.0279117657668939,0.98,0.31353823603682573,LOW,True
Kerala,Thiruvananthapuram,8.4882267,76.947551,0.0225167525318526,0.99,0.3127617267722968,LOW,True
Haryana,Gurgaon,28.4646148,77.0299194,0.0778560200664015,0.86,0.31249921404648107,LOW,True
Andhra Pradesh,Rangareddy,17.4065,78.4772,0.2191053163618744,0.53,0.3123737214533121,LOW,True
Chhattisgarh,Koriya,23.476254,82.4776374,0.0257205721693175,0.98,0.31200440051852224,LOW,True
Manipur,Tamenglong,24.9858596,93.5039967,0.0162157525099127,1.0,0.3113510267569389,LOW,True
Uttarakhand,Pauri Garhwal,29.8473168,78.7070479,0.0160964978979056,1.0,0.3112675485285339,LOW,True
Karnataka,Kodagu,12.3827332,75.6640715,0.0149935914456422,1.0,0.3104955140119495,LOW,True
West Bengal,Bankura,23.132377,87.2081925,0.0189323026237794,0.99,0.31025261183664554,LOW,True
Mizoram,Lunglei,22.9519972,92.6336207,0.014574827037461,1.0,0.3102023789262227,LOW,True
Punjab,Gurdaspur,31.9037264,75.2275587,0.0735175330298319,0.86,0.3094622731208823,LOW,True
Gujarat,Surat,21.2094892,72.8317058,0.0514519034907406,0.91,0.30901633244351845,LOW,True
Mizoram,Kolasib,24.1905469,92.7136595,0.0121340171753848,1.0,0.3084938120227694,LOW,True
Manipur,Churachandpur,24.3468839,93.6994143,0.0120055196847518,1.0,0.30840386377932627,LOW,True
Karnataka,Udupi,13.5269784,74.8731879,0.0115359101388392,1.0,0.3080751370971874,LOW,True
Madhya Pradesh,Barwani,21.7514248,74.8915957,0.0198669413026883,0.98,0.3079068589118818,LOW,True
Tamil Nadu,Madurai,9.9261153,78.1140983,0.0282571680134598,0.96,0.30778001760942186,LOW,True
Kerala,Kasaragod,12.4221964,75.1904446,0.0193315183480516,0.98,0.3075320628436361,LOW,True
Tamil Nadu,Sivaganga,9.8486881,78.4870461,0.009344989813879,1.0,0.30654149286971527,LOW,True
Uttar Pradesh,Chitrakoot,25.217139,81.1045927,0.0091227502425719,1.0,0.30638592516980034,LOW,True
Jharkhand,Bokaro,23.6991279,85.9910689,0.0428948208234821,0.92,0.3060263745764375,LOW,True
Manipur,Chandel,24.3312009,94.0011081,0.0085530978397987,1.0,0.30598716848785906,LOW,True
Uttar Pradesh,Agra,27.1767,78.0081,0.0166497207403992,0.98,0.3056548045182794,LOW,True
West Bengal,Hooghly,22.9099402,88.0120825,0.0079286654634884,1.0,0.3055500658244419,LOW,True
Uttar Pradesh,Hardoi,27.3369978,80.0998232,0.0078870043088032,1.0,0.30552090301616225,LOW,True
Jharkhand,Godda,24.8645886,87.2984838,0.0076162206905668,1.0,0.30533135448339677,LOW,True
Kerala,Kollam,8.8870533,76.5906696,0.0066982684028519,1.0,0.3046887878819963,LOW,True
Bihar,Banka,24.8328273,86.8161114,0.0066385498932613,1.0,0.3046469849252829,LOW,True
Uttar Pradesh,Gonda,27.1103723,81.9238906,0.0066041535944715,1.0,0.30462290751613,LOW,True
Uttar Pradesh,Etah,27.5550357,78.5992221,0.0066026289043279,1.0,0.3046218402330295,LOW,True
Bihar,Rohtas,24.9394143,84.0197031,0.0231857585207509,0.96,0.3042300309645256,LOW,True
Madhya Pradesh,Umaria,23.6431837,80.9419078,0.0057156041822356,1.0,0.3040009229275649,LOW,True
Bihar,Jamui,24.7562514,86.3011128,0.0053962448722889,1.0,0.30377737141060224,LOW,True
Nagaland,Tuensang,26.2342107,94.741553,0.0048719396829566,1.0,0.30341035777806963,LOW,True
Bihar,Nawada,24.8173249,85.5179085,0.0048018904970502,1.0,0.30336132334793514,LOW,True
Uttar Pradesh,Ayodhya,26.7990707,82.2052321,0.0347040256815692,0.93,0.30329281797709845,LOW,True
Uttar Pradesh,Mirzapur,24.9316896,82.6280163,0.0132496012853652,0.98,0.3032747208997556,LOW,True
Nagaland,Zunheboto,26.0123803,94.5123719,0.0046614133671671,1.0,0.30326298935701695,LOW,True
Kerala,Wayanad,11.7151291,76.1271185,0.0045406654193409,1.0,0.30317846579353863,LOW,True
Jharkhand,Pakur,24.5325908,87.593232,0.0044889375783904,1.0,0.3031422563048733,LOW,True
Bihar,Kaimur,24.975466,83.5768379,0.0038605763989335,1.0,0.3027024034792534,LOW,True
Bihar,Gopalganj,26.4211166,84.3739133,0.0421482496722365,0.91,0.30250377477056556,LOW,True
Maharashtra,Sindhudurg,16.1357193,73.6522086,0.0030298460545226,1.0,0.3021208922381658,LOW,True
Karnataka,Tumakuru,13.4192512,76.8810004,0.0287121979886276,0.94,0.3020985385920393,LOW,True
Himachal Pradesh,Shimla,31.1040393,77.1707923,0.0020020066602259,1.0,0.30140140466215815,LOW,True
Karnataka,Koppal,15.5748238,76.3118494,0.0105328396591118,0.98,0.3013729877613782,LOW,True
Uttar Pradesh,Sitapur,27.5026748,80.8335139,0.001481556858843,1.0,0.3010370898011901,LOW,True
Tamil Nadu,Kanchipuram,12.9647163,79.9839686,0.1686113972441912,0.61,0.30102797807093384,LOW,True
Jammu and Kashmir,Doda,33.1341373,75.587915,0.0014490918995708,1.0,0.3010143643296995,LOW,True
Uttar Pradesh,Sant Kabir Nagar,26.755082,83.0398545,0.0008429183385868,1.0,0.30059004283701074,LOW,True
Uttar Pradesh,Banda,25.4438537,80.5595237,0.000791293606733,1.0,0.3005539055247131,LOW,True
West Bengal,Malda,25.0057449,88.1398483,0.0007800445653651,1.0,0.30054603119575557,LOW,True
Uttar Pradesh,Jhansi,25.529855,78.6527802,0.0007373520460448,1.0,0.30051614643223135,LOW,True
Uttar Pradesh,Maharajganj,26.4710847,81.1807046,0.0005765830958044,1.0,0.3004036081670631,LOW,True
Arunachal Pradesh,Lower Dibang Valley,28.2149563,95.878774,0.0005588386163091,1.0,0.3003911870314164,LOW,True
Madhya Pradesh,Rajgarh,23.8716707,76.7744703,0.0004999812342611,1.0,0.30034998686398273,LOW,True
Uttar Pradesh,Bijnor,29.4074203,78.4821406,0.0004269799283591,1.0,0.3002988859498514,LOW,True
Uttarakhand,Almora,29.702651,79.4326318,0.000385724599469,1.0,0.30027000721962827,LOW,True
Uttar Pradesh,Meerut,29.0018557,77.7679671,0.0003589115438055,1.0,0.30025123808066384,LOW,True
Jammu and Kashmir,Rajouri,33.3772495,74.3132332,0.0003589115438055,1.0,0.30025123808066384,LOW,True
Gujarat,Valsad,20.4321957,73.1409893,0.0002828261463093,1.0,0.3001979783024165,LOW,True
Manipur,East Imphal,24.8066181,93.9346851,0.0002324549904238,1.0,0.3001627184932967,LOW,True
Kerala,Pathanamthitta,9.2648,76.787,0.0001668657797085,1.0,0.30011680604579594,LOW,True
Kerala,Kozhikode,11.2450558,75.7754716,0.0001611278952668,1.0,0.30011278952668674,LOW,True
Himachal Pradesh,Mandi,31.6516617,77.0092542,0.0001532696090452,1.0,0.30010728872633163,LOW,True
Uttar Pradesh,Chandauli,25.125695,83.2494601,0.0001532696090452,1.0,0.30010728872633163,LOW,True
Uttar Pradesh,Mathura,27.4955539,77.6855554,0.0001532696090452,1.0,0.30010728872633163,LOW,True
Uttar Pradesh,Aligarh,27.8761073,78.1358153,6.925499042384951e-05,1.0,0.3000484784932967,LOW,True
Nagaland,Mon,26.666667,95.0,6.925499042384951e-05,1.0,0.3000484784932967,LOW,True
Bihar,Patna,25.5941,85.1376,6.811563538074004e-05,1.0,0.3000476809447665,LOW,True
Uttarakhand,Nainital,29.294995,79.4162511,4.290171606864275e-05,1.0,0.30003003120124805,LOW,True
Uttar Pradesh,Kannauj,26.9986675,79.6927946,4.290171606864275e-05,1.0,0.30003003120124805,LOW,True
Uttar Pradesh,Mahoba,25.3615938,79.706011,4.290171606864275e-05,1.0,0.30003003120124805,LOW,True
Himachal Pradesh,Bilaspur,31.3380959,76.7611631,4.290171606864275e-05,1.0,0.30003003120124805,LOW,True
Jammu and Kashmir,Poonch,33.7670004,74.0957143,4.290171606864275e-05,1.0,0.30003003120124805,LOW,True
West Bengal,Kolkata,22.5726,88.3639,4.290171606864275e-05,1.0,0.30003003120124805,LOW,True
Uttar Pradesh,Farrukhabad,27.4362003,79.4894778,4.290171606864275e-05,1.0,0.30003003120124805,LOW,True
Madhya Pradesh,Katni,23.7176393,80.2610181,4.290171606864275e-05,1.0,0.30003003120124805,LOW,True
Uttar Pradesh,Firozabad,27.1941954,78.4604956,4.290171606864275e-05,1.0,0.30003003120124805,LOW,True
Bihar,Munger,25.2202864,86.5161484,1.774447949526814e-05,1.0,0.3000124211356467,LOW,True
Uttar Pradesh,Ghazipur,25.6034863,83.5075888,1.774447949526814e-05,1.0,0.3000124211356467,LOW,True
West Bengal,Darjeeling,27.0377554,88.263176,0.0,1.0,0.3,LOW,True
Uttarakhand,Udham Singh Nagar,29.0478314,79.4326164,0.0,1.0,0.3,LOW,True
Bihar,Sheikhpura,25.1250741,85.8160771,0.0,1.0,0.3,LOW,True
Uttar Pradesh,Kaushambi,25.5342456,81.4493567,0.0,1.0,0.3,LOW,True
Uttar Pradesh,Hamirpur,25.75,80.0,0.0,1.0,0.3,LOW,True
Uttar Pradesh,Hathras,27.5724324,78.1116209,0.0,1.0,0.3,LOW,True
Tamil Nadu,Chennai,13.0836939,80.270186,0.0,1.0,0.3,LOW,True
Dadra and Nagar Haveli,Dadra and Nagar Haveli,20.233792,73.0495173,0.0,1.0,0.3,LOW,True
Bihar,Lakhisarai,25.1543938,86.1744959,0.0,1.0,0.3,LOW,True
Bihar,Begusarai,25.5125411,86.0883392,0.0,1.0,0.3,LOW,True
Kerala,Kottayam,9.6287383,76.6455326,0.0,1.0,0.3,LOW,True
Jammu and Kashmir,Budgam,33.9098746,74.6270357,0.0,1.0,0.3,LOW,True
Jharkhand,Sahibganj,25.0320437,87.691764,0.0,1.0,0.3,LOW,True
Madhya Pradesh,Datia,25.9182947,78.6644962,0.0,1.0,0.3,LOW,True
Sikkim,South Sikkim,27.17,88.56,0.0,1.0,0.3,LOW,True
Sikkim,East,27.33,88.62,0.0,1.0,0.3,LOW,True
Goa,North Goa,15.6038925,73.9967006,0.0,1.0,0.3,LOW,True
Bihar,Buxar,25.5044834,84.1097525,0.0,1.0,0.3,LOW,True
Madhya Pradesh,Gwalior,26.2183,78.1828,0.0,1.0,0.3,LOW,True
Bihar,Jehanabad,25.1529579,85.0065043,0.0,1.0,0.3,LOW,True
Manipur,West Imphal,24.8049259,93.9348265,0.0,1.0,0.3,LOW,True
Uttar Pradesh,Bhadohi,25.424304,82.4883923,0.0,1.0,0.3,LOW,True
Uttar Pradesh,Varanasi,25.3176,82.9739,0.0,1.0,0.3,LOW,True
Uttarakhand,Champawat,29.235032,80.1023068,0.0,1.0,0.3,LOW,True
Bihar,Nalanda,25.1364914,85.4436546,0.0,1.0,0.3,LOW,True
Manipur,Thoubal,24.6386954,93.996871,0.0,1.0,0.3,LOW,True
Madhya Pradesh,Anuppur,23.0346179,81.7510255,0.0160592669408897,0.96,0.2992414868586228,LOW,True
Madhya Pradesh,Vidisha,23.8463004,77.8370209,0.0008840594465516,0.99,0.2976188416125861,LOW,True
Gujarat,Vadodara,22.2973142,73.1942567,0.1122996274335372,0.73,0.29760973920347605,LOW,True
Madhya Pradesh,Sheopur,25.7499267,76.9212945,0.0002753567064924,0.99,0.2971927496945447,LOW,True
Bihar,Bhojpur,25.4501182,84.5635193,0.0,0.99,0.297,LOW,True
West Bengal,Dakshin Dinajpur,25.385807,88.5063362,0.0,0.99,0.297,LOW,True
Manipur,Bishnupur,24.6267287,93.7600454,0.0,0.99,0.297,LOW,True
Arunachal Pradesh,Upper Siang,28.7312046,95.0377315,0.0542556276572071,0.86,0.295978939360045,LOW,True
Uttar Pradesh,Barabanki,26.9421406,81.3856087,0.0238639677515401,0.93,0.2957047774260781,LOW,True
Madhya Pradesh,Bhopal,23.2599,77.4126,0.0101228717413238,0.96,0.29508601021892666,LOW,True
Uttar Pradesh,Basti,26.8387083,82.5350919,0.0005900737220968,0.98,0.29441305160546777,LOW,True
Tamil Nadu,Ramanathapuram,9.5205576,78.5184635,0.0001611278952668,0.98,0.29411278952668674,LOW,True
Bihar,Bhagalpur,25.2425,86.9842,0.0,0.98,0.294,LOW,True
Bihar,Khagaria,25.4930513,86.6982264,0.0,0.98,0.294,LOW,True
Sikkim,West Sikkim,27.3,88.23,0.0,0.98,0.294,LOW,True
Bihar,Sitamarhi,26.5942841,85.500428,0.0126789782144076,0.95,0.2938752847500853,LOW,True
Rajasthan,Jalore,25.2093482,72.3178889,0.4086625535824937,0.02,0.2920637875077456,LOW,True
Uttar Pradesh,Shravasti,27.5083429,82.0263569,0.0002324549904238,0.97,0.29116271849329667,LOW,True
Uttarakhand,Haridwar,29.9384473,78.1452985,6.0646195563910885e-05,0.97,0.29104245233689474,LOW,True
Himachal Pradesh,Hamirpur,31.6539866,76.5403633,4.290171606864275e-05,0.97,0.29103003120124804,LOW,True
West Bengal,Cooch Behar,26.2559197,89.4201143,0.0295971575068966,0.9,0.29071801025482763,LOW,True
West Bengal,Jalpaiguri,26.6262805,88.7334485,0.0035335342025192,0.96,0.2904734739417634,LOW,True
Karnataka,Raichur,16.0547194,76.9003647,0.0056269658909723,0.95,0.2889388761236806,LOW,True
Andaman and Nicobar,Nicobar Islands,7.0000167,93.8110528,0.0008521102822466,0.96,0.2885964771975726,LOW,True
Jharkhand,Ranchi,23.3700501,85.3250387,0.0348664190555467,0.88,0.2884064933388827,LOW,True
Uttar Pradesh,Baghpat,29.0374779,77.3062737,0.000227677948005,0.96,0.28815937456360347,LOW,True
Uttar Pradesh,Siddharthnagar,27.2511724,82.8716528,0.0001532696090452,0.96,0.2881072887263316,LOW,True
Uttar Pradesh,Mainpuri,27.2093072,79.0625369,4.290171606864275e-05,0.96,0.28803003120124804,LOW,True
Uttar Pradesh,Muzaffarnagar,29.4496979,77.7429333,4.290171606864275e-05,0.96,0.28803003120124804,LOW,True
Arunachal Pradesh,East Siang,28.0742219,95.4178149,4.290171606864275e-05,0.96,0.28803003120124804,LOW,True
Haryana,Karnal,29.7255766,76.9106924,4.290171606864275e-05,0.96,0.28803003120124804,LOW,True
Haryana,Sonepat,28.99197,77.0342633,3.563218390804598e-05,0.96,0.2880249425287356,LOW,True
Tamil Nadu,Theni,9.8692558,77.4222974,1.6904583020285498e-05,0.96,0.2880118332081142,LOW,True
Jharkhand,Lohardaga,23.4770044,84.6986684,0.0,0.96,0.288,LOW,True
Meghalaya,South Garo Hills,25.347969,90.5657773,0.0,0.96,0.288,LOW,True
Bihar,Chhatrapati Sambhajinagar,19.877263,75.3390241,0.0034123763679709,0.95,0.28738866345757963,LOW,True
Assam,Hailakandi,24.6846916,92.5645836,0.0072510521512409,0.94,0.2870757365058686,LOW,True
Madhya Pradesh,Burhanpur,21.334867,76.3708803,0.1466783791993502,0.61,0.2856748654395451,LOW,True
Assam,Sribhumi,24.5828196,92.3725487,0.0001532696090452,0.95,0.2851072887263316,LOW,True
Andhra Pradesh,Kurnool,15.8309251,78.0425373,0.0722158008278109,0.78,0.2845510605794676,LOW,True
Karnataka,Chamarajanagar,11.9544201,77.1069086,0.0052411803692886,0.93,0.28266882625850204,LOW,True
Assam,Cachar,24.75864,92.8816648,0.0005336813797357,0.94,0.28237357696581494,LOW,True
Odisha,Jharsuguda,21.8019368,83.9713964,0.0902817191830921,0.73,0.28219720342816446,LOW,True
Jharkhand,Gumla,23.1603759,84.4599565,0.0343413455534069,0.86,0.2820389418873848,LOW,True
Tamil Nadu,Kanyakumari,8.079252,77.5499338,5.151051092858137e-05,0.94,0.28203605735764997,LOW,True
Assam,Kokrajhar,26.4912104,90.1215209,4.290171606864275e-05,0.94,0.28203003120124803,LOW,True
Uttar Pradesh,Kushinagar,26.7438272,83.9162322,4.290171606864275e-05,0.94,0.28203003120124803,LOW,True
Tamil Nadu,Virudhunagar,9.4926289,77.8631831,0.0,0.94,0.282,LOW,True
Nagaland,Mokokchung,26.4795861,94.5105275,0.0,0.94,0.282,LOW,True
Haryana,Rohtak,28.9010899,76.5801935,0.0167976029143162,0.9,0.2817583220400214,LOW,True
Kerala,Malappuram,11.1065685,76.1101742,0.0335455918095365,0.86,0.28148191426667557,LOW,True
Madhya Pradesh,Khargone,21.9544729,75.7521248,0.0241626322905017,0.88,0.28091384260335117,LOW,True
Kerala,Alappuzha,9.5003416,76.4123364,0.0003589115438055,0.93,0.2792512380806639,LOW,True
Haryana,Kurukshetra,29.9693747,76.8482787,0.0002437354700914,0.93,0.279170614829064,LOW,True
Assam,Bongaigaon,26.4800126,90.5580387,4.290171606864275e-05,0.93,0.2790300312012481,LOW,True
Rajasthan,Bundi,25.4367659,75.7361471,0.012317665878289,0.9,0.27862236611480234,LOW,True
Andhra Pradesh,Chittoor,13.325036,79.6480611,0.0925679914608522,0.71,0.2777975940225965,LOW,True
Arunachal Pradesh,Upper Subansiri,28.2596054,94.0938106,0.001166997207735,0.92,0.27681689804541454,LOW,True
Odisha,Nabarangpur,19.228896,82.5665715,0.0006660200062334,0.92,0.2764662140043634,LOW,True
Tamil Nadu,Nagapattinam,10.6026203,79.7619348,0.0262573276065555,0.86,0.2763801293245889,LOW,True
Odisha,Kendrapara,20.5475164,86.5296168,0.1717022538273927,0.52,0.2761915776791749,LOW,True
Bihar,West Champaran,27.0518367,84.3351209,4.290171606864275e-05,0.92,0.2760300312012481,LOW,True
Haryana,Panipat,29.3912753,76.9771675,0.0,0.92,0.276,LOW,True
Punjab,Rupnagar,31.0917102,76.5289701,0.0223028673800127,0.86,0.2736120071660089,LOW,True
Bihar,Sheohar,26.4934234,85.2717561,0.0003589115438055,0.91,0.27325123808066387,LOW,True
Bihar,Kishanganj,26.2984144,87.9466715,0.0300724767514938,0.84,0.27305073372604566,LOW,True
Chandigarh,Chandigarh,30.7334421,76.7797143,0.0,0.91,0.273,LOW,True
Haryana,Panchkula,30.6975401,76.8551066,0.0366303933325979,0.82,0.2716412753328185,LOW,True
West Bengal,Puruliya,23.333333,86.416667,0.0142545180265691,0.87,0.27097816261859836,LOW,True
Madhya Pradesh,Khandwa,21.9769779,76.5675344,0.0003913801411215,0.9,0.27027396609878507,LOW,True
Assam,Sonitpur,26.7677707,92.7014089,0.0002828261463093,0.9,0.27019797830241654,LOW,True
Haryana,Kaithal,29.7996588,76.3989903,4.290171606864275e-05,0.9,0.2700300312012481,LOW,True
Assam,Morigaon,26.2545556,92.3572669,4.290171606864275e-05,0.9,0.2700300312012481,LOW,True
Odisha,Gajapati,19.1966026,84.1930634,0.0157095504512291,0.86,0.26899668531586035,LOW,True
Karnataka,Shivamogga,13.9326093,75.574978,0.0026051784441494,0.89,0.2688236249109046,LOW,True
Andhra Pradesh,Adilabad,19.6759452,78.5339895,0.0614385178471299,0.75,0.2680069624929909,LOW,True
Assam,Jorhat,26.7577925,94.2079645,0.0045843023255813,0.88,0.26720901162790694,LOW,True
Maharashtra,Amravati,21.1545412,77.6442962,0.0275040115893919,0.82,0.2652528081125743,LOW,True
Uttar Pradesh,Balrampur,27.4476988,82.3956245,0.0002324549904238,0.88,0.2641627184932967,LOW,True
Assam,Nalbari,26.3533632,91.3983662,0.0,0.88,0.264,LOW,True
Jharkhand,Saraikela Kharsawan,22.7464225,85.9168929,0.0240491164304341,0.82,0.26283438150130384,LOW,True
Punjab,Amritsar,31.6356659,74.8787496,0.0066041535944715,0.85,0.25962290751613004,LOW,True
Odisha,Rayagada,19.4426698,83.5873053,0.0271764949904048,0.8,0.25902354649328335,LOW,True
Assam,Barpeta,26.345941,91.039708,0.0007032483744871,0.86,0.25849227386214096,LOW,True
Assam,Darrang,26.4373481,92.0047145,0.0002753567064924,0.86,0.2581927496945447,LOW,True
Nagaland,Wokha,26.242251,94.1921153,4.290171606864275e-05,0.86,0.25803003120124807,LOW,True
Maharashtra,Jalgaon,20.8428827,75.5261246,0.0413843247009402,0.76,0.2569690272906581,LOW,True
Karnataka,Kolar,13.1805066,78.2669329,0.0289875669630978,0.78,0.25429129687416846,LOW,True
Kerala,Ernakulam,9.9837257,76.2740001,0.030258004900187,0.76,0.24918060343013088,LOW,True
Karnataka,Bangalore Urban,13.0,77.583333,0.0030600033098426,0.82,0.2481420023168898,LOW,True
Andhra Pradesh,Hyderabad,15.8136411,78.0275033,0.0,0.79,0.237,LOW,True
Maharashtra,Jalna,19.918833,75.8708599,0.084660422737343,0.59,0.2362622959161401,LOW,True
Assam,Golaghat,26.5108262,93.9743686,0.0048281501240716,0.77,0.2343797050868501,LOW,True
Jammu and Kashmir,Pulwama,33.9490472,75.0418335,4.290171606864275e-05,0.78,0.23403003120124805,LOW,True
Haryana,Jind,29.3152073,76.314082,0.0,0.78,0.23399999999999999,LOW,True
Haryana,Rewari,28.1956468,76.6165179,0.0,0.78,0.23399999999999999,LOW,True
Punjab,Jalandhar,31.2922312,75.5678878,0.0124059505227777,0.75,0.23368416536594436,LOW,True
Andhra Pradesh,Medak,17.9375095,78.211745,0.003757725368636,0.77,0.2336304077580452,LOW,True
Haryana,Mahendragarh,28.1326971,76.1697448,0.0069658757352802,0.76,0.23287611301469613,LOW,True
Karnataka,Bidar,18.0207297,77.2487204,0.0062487996422137,0.76,0.23237415974954956,LOW,True
Haryana,Hisar,29.2396596,75.8174505,0.0003589115438055,0.75,0.22525123808066383,LOW,True
Odisha,Bargarh,21.2319922,83.5652737,0.0703978534437632,0.57,0.2202784974106342,LOW,True
Himachal Pradesh,Una,31.5834642,76.2351452,4.290171606864275e-05,0.73,0.21903003120124806,LOW,True
Tamil Nadu,Salem,11.6469616,78.2106958,0.0026027047274139,0.72,0.21782189330918972,LOW,True
Tamil Nadu,Cuddalore,11.5202071,79.3396356,0.0074993684780151,0.7,0.21524955793461056,LOW,True
Punjab,Hoshiarpur,31.6092942,75.8459754,0.0012185077186636,0.71,0.2138529554030645,LOW,True
Odisha,Debagarh,21.4477962,84.7174204,0.0010031509445356,0.71,0.21370220566117493,LOW,True
Tamil Nadu,Namakkal,11.3033889,78.118604,0.0001611278952668,0.71,0.21311278952668675,LOW,True
Jammu and Kashmir,Srinagar,34.0747444,74.8204443,0.0,0.71,0.213,LOW,True
Gujarat,Patan,23.773753,71.6798581,0.0221286985539186,0.65,0.21049008898774302,LOW,True
Jammu and Kashmir,Anantnag,33.74611,75.1854475,0.0004269799283591,0.7,0.21029888594985136,LOW,True
Punjab,Bathinda,30.1794814,75.0471098,0.0121060584379684,0.67,0.2094742409065779,LOW,True
Tamil Nadu,Villupuram,11.9398285,79.4945645,0.0259004718419725,0.63,0.20713033028938074,LOW,True
Gujarat,Banaskantha,24.2693869,72.5367513,0.0011377069398619,0.67,0.20179639485790335,LOW,True
Tamil Nadu,The Nilgiris,11.4,76.7,0.0001611278952668,0.67,0.20111278952668676,LOW,True
Andhra Pradesh,Prakasam,15.5641955,80.0066786,0.0141845879274853,0.63,0.1989292115492397,LOW,True
Haryana,Fatehabad,29.5359209,75.5752901,0.0,0.65,0.195,LOW,True
Punjab,Kapurthala,31.3856476,75.3053304,4.290171606864275e-05,0.63,0.18903003120124806,LOW,True
Tamil Nadu,Perambalur,11.2902641,78.9300404,0.0,0.63,0.189,LOW,True
Rajasthan,Jhunjhunu,28.0798944,75.5424211,0.0023257447006678,0.6,0.18162802129046746,LOW,True
Odisha,Bhadrak,20.9854052,86.5934226,0.0087262778896293,0.57,0.1771083945227405,LOW,True
Punjab,Mansa,29.8764133,75.4889564,4.290171606864275e-05,0.59,0.17703003120124805,LOW,True
Tamil Nadu,Thiruvallur,13.2537619,80.0562572,0.0082364156170276,0.57,0.17676549093191932,LOW,True
Puducherry,Karaikal,10.91571,79.8375761,0.0002361199744735,0.58,0.17416528398213144,LOW,True
Rajasthan,Hanumangarh,29.3659533,74.298429,0.0505873534619396,0.45,0.17041114742335772,LOW,True
Punjab,Shaheed Bhagat Singh Nagar,31.125,76.116,0.0,0.54,0.162,LOW,True
Kerala,Kannur,11.8763836,75.3737973,0.0013031340184601,0.53,0.15991219381292207,LOW,True
Puducherry,Mahe,11.7021978,75.5364701,0.0001611278952668,0.53,0.15911278952668675,LOW,True
Punjab,Muktsar,30.4692,74.5182,0.0156440812321087,0.49,0.1579508568624761,LOW,True
Tamil Nadu,Ariyalur,11.1530559,79.2585797,0.0,0.52,0.156,LOW,True
Rajasthan,Sikar,27.6624156,75.0279971,0.0276739336403409,0.43,0.14837175354823864,LOW,True
Rajasthan,Dungarpur,23.8538893,73.7087177,0.0193573900872027,0.44,0.1455501730610419,LOW,True
Gujarat,Anand,22.4739858,72.7361779,0.0,0.36,0.108,LOW,True
Haryana,Sirsa,29.6063041,74.9036568,0.0004269799283591,0.29,0.08729888594985137,LOW,True
Rajasthan,Jaisalmer,27.0264162,70.777512,0.1204372006732756,0.0,0.0843060404712929,LOW,True
Himachal Pradesh,Solan,30.9077569,77.1023645,0.0456586797022305,0.0,0.0456586797022305,LOW,False
Gujarat,Kachchh,23.583333,70.0,0.0179867111769758,0.08,0.036590697823883064,LOW,True
