date,rainfall_mean_mm,rainfall_max_mm,rainfall_total_mm,heavy_rain_pixels,extreme_rain_pixels
2024-01-01,3.140834093093872,254.01998901367188,292958.15625,1888,788
2024-01-02,1.7299634218215942,229.20001220703125,161360.609375,920,185
2024-01-03,1.6406868696212769,258.760009765625,153033.421875,688,264
2024-01-04,2.700995445251465,277.80499267578125,251932.65625,1607,520
2024-01-05,1.5769352912902832,184.11000061035156,147087.0625,511,89
2024-01-06,1.4062312841415405,148.99998474121094,131164.8125,547,41
2024-01-07,1.2415367364883423,86.88999938964844,115803.1015625,137,0
2024-01-08,2.767096519470215,193.3249969482422,258098.171875,905,229
2024-01-09,2.6572253704071045,316.0249938964844,247850.03125,986,248
2024-01-10,2.4429738521575928,358.14501953125,227865.9375,1329,544
2024-01-11,0.32603883743286133,89.36000061035156,30410.9453125,45,0
2024-01-12,0.24965804815292358,186.25,23286.60546875,50,12
2024-01-13,0.19398705661296844,92.19499969482422,18093.94921875,2,0
2024-01-14,0.04250878840684891,10.229999542236328,3964.96484375,0,0
2024-01-15,0.14592115581035614,39.23000717163086,13610.6494140625,0,0
2024-01-16,0.4175153374671936,101.83999633789062,38943.32421875,24,2
2024-01-17,0.3502117693424225,59.30999755859375,32665.65234375,3,0
2024-01-18,0.4582192897796631,66.8699951171875,42739.9453125,5,0
2024-01-19,0.23663543164730072,50.80999755859375,22071.93359375,1,0
2024-01-20,0.12679578363895416,71.64500427246094,11826.75,3,0
2024-01-21,0.11756512522697449,26.00499725341797,10965.76953125,0,0
2024-01-22,0.14529258012771606,51.29499816894531,13552.01953125,1,0
2024-01-23,0.32887914776802063,103.03999328613281,30675.875,33,1
2024-01-24,0.7788677215576172,74.8550033569336,72648.109375,34,0
2024-01-25,1.0849597454071045,135.78997802734375,101198.5390625,223,10
2024-01-26,1.199023723602295,205.14495849609375,111837.734375,382,31
2024-01-27,1.1876888275146484,159.864990234375,110780.484375,313,50
2024-01-28,1.473935604095459,141.3049774169922,137479.875,464,28
2024-01-29,0.9222085475921631,139.41998291015625,86018.078125,131,11
2024-01-30,0.5658398866653442,49.5050048828125,52778.1484375,0,0
2024-01-31,0.7616838812828064,100.33499145507812,71045.3046875,42,1
2024-02-01,0.41217976808547974,76.13499450683594,38445.65625,17,0
2024-02-02,0.2651522159576416,46.349998474121094,24731.80859375,0,0
2024-02-03,0.36694732308387756,66.04000091552734,34226.64453125,1,0
2024-02-04,0.5574497580528259,69.5300064086914,51995.56640625,6,0
2024-02-05,0.17779338359832764,45.400001525878906,16583.5,0,0
2024-02-06,0.15229125320911407,40.79500198364258,14204.814453125,0,0
2024-02-07,0.0547897070646286,30.814998626708984,5110.455078125,0,0
2024-02-08,0.052742406725883484,15.024999618530273,4919.4951171875,0,0
2024-02-09,0.0367625467479229,22.419998168945312,3428.98974609375,0,0
2024-02-10,0.09608085453510284,76.52999877929688,8961.845703125,15,0
2024-02-11,0.2522650957107544,46.75499725341797,23529.775390625,0,0
2024-02-12,0.18862462043762207,30.904998779296875,17593.7734375,0,0
2024-02-13,0.28697696328163147,30.544998168945312,26767.48828125,0,0
2024-02-14,0.3426324129104614,36.72999954223633,31958.6953125,0,0
2024-02-15,0.19190753996372223,58.71500015258789,17899.984375,1,0
2024-02-16,0.10244478285312653,37.75499725341797,9555.4345703125,0,0
2024-02-17,0.12481532990932465,46.98500442504883,11642.025390625,0,0
2024-02-18,0.7008809447288513,104.13998413085938,65373.96875,163,1
2024-02-19,0.7479314804077148,131.22999572753906,69762.5625,194,7
2024-02-20,0.33245137333869934,98.55999755859375,31009.068359375,17,0
2024-02-21,0.292728066444397,64.91500091552734,27303.91796875,12,0
2024-02-22,0.722382128238678,67.01499938964844,67379.46875,29,0
2024-02-23,0.28198131918907166,78.88999938964844,26301.525390625,4,0
2024-02-24,0.13806280493736267,44.755001068115234,12877.669921875,0,0
2024-02-25,0.18738709390163422,24.384998321533203,17478.34375,0,0
2024-02-26,0.493595153093338,44.084999084472656,46039.59375,0,0
2024-02-27,0.6665026545524597,53.61000061035156,62167.3671875,2,0
2024-02-28,0.16446661949157715,41.3700065612793,15340.458984375,0,0
2024-02-29,0.34353533387184143,37.9900016784668,32042.9140625,0,0
2024-03-01,1.036707878112793,87.41499328613281,96697.890625,57,0
2024-03-02,1.6714136600494385,150.63497924804688,155899.4375,437,40
2024-03-03,0.6367141604423523,101.58999633789062,59388.875,34,1
2024-03-04,0.3040025532245636,43.2550048828125,28355.53515625,0,0
2024-03-05,0.1387259066104889,55.08000183105469,12939.51953125,3,0
2024-03-06,0.15385429561138153,67.73499298095703,14350.60546875,5,0
2024-03-07,0.09073846787214279,40.88999557495117,8463.5400390625,0,0
2024-03-08,0.15089714527130127,144.80999755859375,14074.7802734375,7,2
2024-03-09,0.1129310354590416,33.59499740600586,10533.529296875,0,0
2024-03-10,0.10610244423151016,40.44999694824219,9896.599609375,0,0
2024-03-11,0.11231452971696854,30.6200008392334,10476.025390625,0,0
2024-03-12,0.13922052085399628,19.624998092651367,12985.654296875,0,0
2024-03-13,0.24579930305480957,53.599998474121094,22926.68359375,2,0
2024-03-14,0.08446458727121353,30.279998779296875,7878.35009765625,0,0
2024-03-15,0.05436096712946892,39.88999938964844,5070.46484375,0,0
2024-03-16,0.27534806728363037,57.409996032714844,25682.814453125,3,0
2024-03-17,0.19183963537216187,58.58000183105469,17893.650390625,1,0
2024-03-18,0.3943934142589569,38.025001525878906,36786.65234375,0,0
2024-03-19,1.2950334548950195,80.24500274658203,120792.953125,73,0
2024-03-20,1.621272087097168,81.49500274658203,151222.53125,62,0
2024-03-21,1.8696290254592896,132.45498657226562,174387.78125,56,2
2024-03-22,0.6067519187927246,72.05999755859375,56594.1796875,9,0
2024-03-23,0.5964164137840271,85.63499450683594,55630.14453125,17,0
2024-03-24,0.44703400135040283,81.45999145507812,41696.6484375,17,0
2024-03-25,0.8036162257194519,117.67499542236328,74956.5,80,4
2024-03-26,1.0505858659744263,130.49998474121094,97992.34375,115,10
2024-03-27,0.997112512588501,142.80502319335938,93004.671875,138,4
2024-03-28,0.5139753818511963,140.3350067138672,47940.5390625,16,6
2024-03-29,1.1905262470245361,177.9449920654297,111045.1484375,239,11
2024-03-30,1.8357758522033691,225.91000366210938,171230.15625,421,25
2024-03-31,1.3118531703948975,113.489990234375,122361.796875,375,5
2024-04-01,0.42392998933792114,124.73499298095703,39541.64453125,100,7
2024-04-02,0.47152307629585266,238.42999267578125,43980.84375,42,7
2024-04-03,0.35083913803100586,84.26499938964844,32724.169921875,8,0
2024-04-04,0.3551846444606781,72.95500946044922,33129.4921875,15,0
2024-04-05,0.33286842703819275,97.69499206542969,31047.96875,9,0
2024-04-06,0.24462956190109253,84.23499298095703,22817.578125,15,0
2024-04-07,0.520436704158783,122.60498046875,48543.2109375,10,1
2024-04-08,0.36413300037384033,63.19499588012695,33964.140625,8,0
2024-04-09,1.0641127824783325,124.97999572753906,99254.0546875,335,40
2024-04-10,1.7565556764602661,134.80499267578125,163840.96875,443,21
2024-04-11,1.1330655813217163,108.20999908447266,105685.5625,102,1
2024-04-12,1.6674165725708008,111.95500183105469,155526.609375,256,5
2024-04-13,1.8735944032669067,129.70498657226562,174757.640625,303,27
2024-04-14,1.0201784372329712,94.72999572753906,95156.125,81,0
2024-04-15,1.736774206161499,210.22000122070312,161995.875,514,49
2024-04-16,1.4997632503509521,152.27996826171875,139888.921875,464,124
2024-04-17,0.9158992171287537,83.26500701904297,85429.5859375,36,0
2024-04-18,0.8131517171859741,111.43000030517578,75845.9140625,44,1
2024-04-19,1.2097195386886597,133.37498474121094,112835.3828125,118,1
2024-04-20,1.296180248260498,148.7999725341797,120899.9140625,342,67
2024-04-21,0.7790172696113586,99.72999572753906,72662.0546875,48,0
2024-04-22,0.7132443785667419,68.68499755859375,66527.15625,8,0
2024-04-23,0.7383856773376465,133.66497802734375,68872.1875,130,14
2024-04-24,0.8537113070487976,121.44500732421875,79629.0703125,158,12
2024-04-25,0.7064093351364136,79.95499420166016,65889.625,48,0
2024-04-26,0.9874782562255859,106.25498962402344,92106.046875,39,2
2024-04-27,1.0943713188171387,148.97499084472656,102076.390625,170,34
2024-04-28,1.7980321645736694,227.58999633789062,167709.65625,560,94
2024-04-29,1.1150643825531006,122.24498748779297,104006.515625,139,4
2024-04-30,1.9996452331542969,193.70999145507812,186514.90625,956,209
2024-05-01,0.9775335788726807,161.46499633789062,91178.46875,132,15
2024-05-02,1.797629714012146,163.3599853515625,167672.109375,287,21
2024-05-03,0.9272453784942627,179.0550079345703,86487.8828125,89,5
2024-05-04,0.6551010012626648,117.05999755859375,61103.890625,107,6
2024-05-05,1.6783415079116821,196.40499877929688,156545.625,522,111
2024-05-06,3.136906862258911,194.614990234375,292591.84375,1370,236
2024-05-07,2.949021100997925,177.41000366210938,275067.0,283,26
2024-05-08,2.109097480773926,212.70498657226562,196723.96875,186,21
2024-05-09,2.536484956741333,175.66998291015625,236588.09375,184,13
2024-05-10,2.7701632976531982,294.6700134277344,258384.203125,541,102
2024-05-11,2.6928811073303223,192.8499755859375,251175.796875,296,18
2024-05-12,4.0892534255981445,208.44500732421875,381421.03125,1251,179
2024-05-13,3.44504976272583,189.57000732421875,321333.5625,552,57
2024-05-14,3.3338496685028076,248.45001220703125,310961.5,695,83
2024-05-15,3.5568645000457764,167.71998596191406,331762.96875,767,58
2024-05-16,6.478160381317139,244.38998413085938,604243.9375,2486,744
2024-05-17,5.593899250030518,197.92999267578125,521765.375,1560,183
2024-05-18,6.986938953399658,334.7099914550781,651699.75,3072,660
2024-05-19,7.3020548820495605,259.5099792480469,681091.875,2714,498
2024-05-20,9.785345077514648,354.63494873046875,912718.3125,4408,1181
2024-05-21,11.064826011657715,402.05499267578125,1032060.625,5273,1513
2024-05-22,14.860481262207031,516.2149047851562,1386096.5,8740,2392
2024-05-23,14.794495582580566,341.0299987792969,1379941.75,8801,3394
2024-05-24,14.103642463684082,622.8500366210938,1315503.125,7518,3163
2024-05-25,14.780599594116211,718.3899536132812,1378645.625,7752,2848
2024-05-26,11.609902381896973,677.7100219726562,1082902.0,5037,2010
2024-05-27,9.075393676757812,311.89996337890625,846498.3125,4707,1488
2024-05-28,6.0335307121276855,249.385009765625,562771.5625,2833,492
2024-05-29,4.451483726501465,315.06494140625,415207.6875,1838,380
2024-05-30,5.3070759773254395,224.97500610351562,495012.1875,2484,352
2024-05-31,8.515573501586914,440.13507080078125,794281.5625,4507,1883
2024-06-01,9.293495178222656,368.31500244140625,866841.5,3560,786
2024-06-02,8.999156951904297,348.1200256347656,839387.375,3504,809
2024-06-03,4.244598865509033,163.91000366210938,395910.71875,849,35
2024-06-04,5.602988243103027,213.09002685546875,522613.125,2586,558
2024-06-05,8.226858139038086,381.5199890136719,767351.9375,3653,1526
2024-06-06,7.744837284088135,314.04998779296875,722391.9375,3230,716
2024-06-07,7.426571369171143,401.39495849609375,692706.0,2784,872
2024-06-08,7.225764274597168,259.6899719238281,673975.9375,3653,723
2024-06-09,7.651288986206055,355.5099792480469,713666.3125,4107,910
2024-06-10,8.867985725402832,452.48004150390625,827152.5,4406,1527
2024-06-11,9.421408653259277,364.7799987792969,878772.4375,4413,1526
2024-06-12,7.340827941894531,328.1300964355469,684708.375,2772,652
2024-06-13,5.114288330078125,188.010009765625,477030.125,1630,234
2024-06-14,3.7022719383239746,215.0749969482422,345325.71875,949,191
2024-06-15,5.303171157836914,303.1750183105469,494648.0,2200,619
2024-06-16,3.7685415744781494,238.5,351506.9375,905,176
2024-06-17,5.723877906799316,241.63497924804688,533889.0,2116,560
2024-06-18,7.4037346839904785,249.25,690575.9375,3113,940
2024-06-19,8.973517417907715,415.4849853515625,836995.875,3549,1375
2024-06-20,7.468288421630859,336.5199890136719,696597.125,2246,461
2024-06-21,9.30925464630127,319.68011474609375,868311.375,3692,911
2024-06-22,11.741021156311035,442.69000244140625,1095132.0,5041,1771
2024-06-23,11.322672843933105,333.1650390625,1056111.0,4410,1270
2024-06-24,10.40888786315918,263.20001220703125,970878.625,4286,587
2024-06-25,13.74051284790039,349.5448913574219,1281632.625,6655,1763
2024-06-26,14.76042652130127,329.60003662109375,1376764.0,6857,1885
2024-06-27,10.641512870788574,291.46002197265625,992576.5,3307,603
2024-06-28,7.497974395751953,297.51995849609375,699366.0625,2104,502
2024-06-29,11.639785766601562,280.7400207519531,1085689.375,4742,1303
2024-06-30,13.04604434967041,255.30999755859375,1216856.75,5963,1755
2024-07-01,12.7703218460083,341.5350341796875,1191139.0,7082,2236
2024-07-02,8.520684242248535,496.99005126953125,794758.3125,3433,996
2024-07-03,10.439159393310547,345.1499938964844,973702.125,4397,1022
2024-07-04,11.973609924316406,326.8749694824219,1116826.5,4928,903
2024-07-05,12.098809242248535,260.9300231933594,1128504.375,4623,797
2024-07-06,10.946270942687988,263.52996826171875,1021002.4375,4229,661
2024-07-07,10.356505393981934,361.08001708984375,965992.6875,4228,1214
2024-07-08,9.315316200256348,380.78997802734375,868876.8125,3536,1106
2024-07-09,7.223414897918701,276.71490478515625,673756.8125,2265,401
2024-07-10,8.993634223937988,304.69000244140625,838872.25,3059,513
2024-07-11,10.118497848510742,265.8600158691406,943792.8125,3936,525
2024-07-12,12.244739532470703,280.4850158691406,1142115.875,5094,939
2024-07-13,12.326888084411621,263.13995361328125,1149778.125,5314,609
2024-07-14,12.413172721862793,415.4750061035156,1157826.25,5251,1690
2024-07-15,12.94837474822998,281.0749206542969,1207746.75,5236,1297
2024-07-16,12.773377418518066,290.2150573730469,1191424.0,5646,940
2024-07-17,13.849981307983398,511.5700378417969,1291843.125,6681,2300
2024-07-18,15.226638793945312,440.34991455078125,1420249.5,8643,2261
2024-07-19,11.730795860290527,297.489990234375,1094178.25,6077,1030
2024-07-20,9.641958236694336,172.4149932861328,899344.0,3878,481
2024-07-21,9.750747680664062,191.47999572753906,909491.25,3585,340
2024-07-22,9.814332008361816,259.0800476074219,915422.0,4045,516
2024-07-23,9.884933471679688,325.1549987792969,922007.3125,4298,915
2024-07-24,12.822269439697266,396.72003173828125,1195984.375,5942,2002
2024-07-25,11.75751781463623,381.3449401855469,1096670.75,5104,1999
2024-07-26,10.031563758850098,420.3650207519531,935684.0625,3894,1020
2024-07-27,9.918033599853516,237.15000915527344,925094.6875,4555,808
2024-07-28,9.245508193969727,230.12496948242188,862365.5,4100,696
2024-07-29,8.956202507019043,236.09500122070312,835380.875,2850,344
2024-07-30,9.454591751098633,287.5299987792969,881867.625,4390,651
2024-07-31,13.700305938720703,400.614990234375,1277882.375,7328,1654
2024-08-01,12.222601890563965,348.4599304199219,1140051.0,5148,1488
2024-08-02,10.073027610778809,213.75003051757812,939551.5625,4298,703
2024-08-03,9.822710037231445,190.0299835205078,916203.5,3497,447
2024-08-04,9.68779182434082,242.53500366210938,903619.125,3902,515
2024-08-05,9.807561874389648,414.2200012207031,914790.5,2925,611
2024-08-06,9.848917961120605,263.31500244140625,918647.9375,3011,194
2024-08-07,7.435540676116943,273.85498046875,693542.625,1576,89
2024-08-08,4.816559791564941,208.0050048828125,449259.8125,613,49
2024-08-09,5.277022361755371,249.16500854492188,492209.0,1221,168
2024-08-10,5.845970630645752,190.93002319335938,545277.0625,1145,98
2024-08-11,6.822720050811768,213.82501220703125,636382.375,1888,185
2024-08-12,6.3995137214660645,353.4349670410156,596908.25,1984,416
2024-08-13,8.436809539794922,350.5399475097656,786935.0,3046,1049
2024-08-14,8.50131607055664,385.62017822265625,792951.75,3048,867
2024-08-15,8.761491775512695,721.1448974609375,817219.375,2823,574
2024-08-16,10.998785018920898,286.5299987792969,1025900.6875,4772,665
2024-08-17,12.663094520568848,233.24501037597656,1181137.5,5969,981
2024-08-18,9.73569107055664,193.37496948242188,908086.875,3504,503
2024-08-19,10.17507266998291,271.89501953125,949069.75,3149,416
2024-08-20,10.752638816833496,245.98001098632812,1002941.625,3743,691
2024-08-21,10.489487648010254,240.05001831054688,978396.5,4281,1165
2024-08-22,11.278775215148926,259.2599792480469,1052016.5,4735,869
2024-08-23,11.056139945983887,381.3500061035156,1031250.375,5099,1028
2024-08-24,12.62634563446045,316.4949951171875,1177709.75,5976,1585
2024-08-25,9.054770469665527,363.52001953125,844574.625,4431,785
2024-08-26,9.496087074279785,236.89999389648438,885738.0,4064,892
2024-08-27,11.30250358581543,266.2900085449219,1054229.75,5239,1186
2024-08-28,11.676011085510254,522.6499633789062,1089068.25,5616,1387
2024-08-29,9.869575500488281,439.19000244140625,920574.75,4124,1087
2024-08-30,9.6726655960083,432.38995361328125,902208.25,3395,973
2024-08-31,7.816765785217285,171.99002075195312,729101.0,2465,352
2024-09-01,8.330806732177734,205.655029296875,777047.625,2526,323
2024-09-02,10.638803482055664,220.08998107910156,992323.75,4822,770
2024-09-03,11.223967552185059,305.5198974609375,1046904.3125,4318,925
2024-09-04,8.711870193481445,365.6249694824219,812591.0,2592,587
2024-09-05,8.442063331604004,285.30999755859375,787425.0,2998,945
2024-09-06,8.976067543029785,471.7698974609375,837233.6875,3399,940
2024-09-07,10.011026382446289,480.59002685546875,933768.4375,4187,1585
2024-09-08,8.438094139099121,758.2199096679688,787054.75,2708,796
2024-09-09,6.919668197631836,206.6949920654297,645425.125,2641,540
2024-09-10,8.451138496398926,211.2099609375,788271.5,4885,1185
2024-09-11,8.959169387817383,562.8550415039062,835657.5625,4181,1291
2024-09-12,9.315279960632324,482.61993408203125,868873.4375,3914,1551
2024-09-13,8.541924476623535,460.9549560546875,796739.5,3853,1413
2024-09-14,6.5608038902282715,389.114990234375,611952.4375,2845,410
2024-09-15,4.441953659057617,206.2949981689453,414318.78125,1602,92
2024-09-16,4.849048614501953,202.7749786376953,452290.15625,2385,477
2024-09-17,4.649946689605713,280.4150085449219,433719.125,1876,267
2024-09-18,4.763372421264648,212.15501403808594,444298.8125,1505,138
2024-09-19,4.854376792907715,161.5900115966797,452787.15625,2062,248
2024-09-20,4.893703460693359,213.75498962402344,456455.28125,1244,164
2024-09-21,4.782588958740234,158.88999938964844,446091.21875,1013,47
2024-09-22,5.600728511810303,142.4199981689453,522402.34375,1500,69
2024-09-23,8.349125862121582,276.58001708984375,778756.375,2753,182
2024-09-24,9.023577690124512,230.54000854492188,841665.1875,2802,261
2024-09-25,9.419947624206543,286.594970703125,878636.1875,3995,431
2024-09-26,8.813632011413574,274.64996337890625,822082.75,3484,687
2024-09-27,7.2912516593933105,325.5149841308594,680084.1875,3233,1028
2024-09-28,3.9836061000823975,165.4200439453125,371566.875,1178,164
2024-09-29,2.3540852069854736,124.53498840332031,219574.9375,225,10
2024-09-30,4.071518421173096,192.17999267578125,379766.8125,1272,106
2024-10-01,7.890198707580566,225.530029296875,735950.375,4231,978
2024-10-02,7.945578575134277,250.45501708984375,741115.875,3658,965
2024-10-03,6.030476093292236,191.07498168945312,562486.625,1914,189
2024-10-04,5.137014389038086,171.55996704101562,479149.875,1383,103
2024-10-05,5.527157306671143,192.58499145507812,515540.0625,1407,93
2024-10-06,4.117757797241211,190.82501220703125,384079.75,799,60
2024-10-07,5.5709147453308105,202.54501342773438,519621.5,2180,250
2024-10-08,5.6232781410217285,213.24496459960938,524505.625,1659,275
2024-10-09,5.248327255249023,247.29998779296875,489532.46875,1387,236
2024-10-10,5.747650623321533,179.5900115966797,536106.375,1733,258
2024-10-11,6.008228302001953,227.8699951171875,560411.5,2084,293
2024-10-12,5.931308746337891,242.5,553236.875,1918,510
2024-10-13,6.734014987945557,198.29495239257812,628108.5,2241,219
2024-10-14,7.913403034210205,221.8800048828125,738114.75,3758,602
2024-10-15,5.851936340332031,228.99496459960938,545833.5,2192,560
2024-10-16,4.372288703918457,183.8000030517578,407820.875,1213,202
2024-10-17,3.6270108222961426,198.75498962402344,338305.8125,1007,162
2024-10-18,4.972362995147705,228.9099884033203,463792.1875,1946,225
2024-10-19,6.6434783935546875,215.54501342773438,619663.8125,2359,117
2024-10-20,6.617227077484131,243.56997680664062,617215.25,2854,275
2024-10-21,5.355015754699707,245.1899871826172,499483.75,2345,352
2024-10-22,7.268529891967773,302.9200134277344,677964.875,3723,934
2024-10-23,9.438055038452148,440.10498046875,880325.125,3555,1386
2024-10-24,5.924964904785156,416.22003173828125,552645.1875,2038,620
2024-10-25,3.7064857482910156,181.22998046875,345718.75,1605,302
2024-10-26,2.1589930057525635,180.8999786376953,201377.90625,688,95
2024-10-27,0.9671900868415833,107.26998138427734,90213.6875,86,3
2024-10-28,1.2711774110794067,147.489990234375,118567.796875,250,26
2024-10-29,0.8776185512542725,166.95999145507812,81858.9921875,119,8
2024-10-30,0.8297983407974243,137.2799835205078,77398.609375,125,16
2024-10-31,1.3758879899978638,150.7100067138672,128334.578125,285,16
2024-11-01,0.865645170211792,156.87997436523438,80742.1875,99,30
2024-11-02,1.5266987085342407,171.7849884033203,142401.296875,310,17
2024-11-03,0.826932430267334,162.44998168945312,77131.296875,112,17
2024-11-04,1.9916527271270752,123.25001525878906,185769.421875,475,10
2024-11-05,3.3968374729156494,254.05499267578125,316836.625,895,147
2024-11-06,4.702030658721924,234.594970703125,438577.1875,1777,284
2024-11-07,5.716422080993652,403.6549072265625,533193.5625,2741,602
2024-11-08,4.899033546447754,303.4450378417969,456952.4375,2023,783
2024-11-09,2.245107889175415,137.25,209410.1875,855,67
2024-11-10,1.871730923652649,186.91000366210938,174583.828125,614,101
2024-11-11,1.9003366231918335,156.06500244140625,177252.0,614,57
2024-11-12,2.090994119644165,179.07498168945312,195035.375,773,87
2024-11-13,1.4835262298583984,174.61502075195312,138374.421875,233,17
2024-11-14,1.9460289478302002,157.20498657226562,181513.90625,188,8
2024-11-15,1.4898622035980225,127.61500549316406,138965.40625,339,12
2024-11-16,1.3914909362792969,142.40499877929688,129789.9296875,291,12
2024-11-17,1.557026743888855,96.55000305175781,145230.109375,165,0
2024-11-18,2.0797836780548096,189.52499389648438,193989.75,593,26
2024-11-19,2.995927572250366,251.4099884033203,279442.15625,1777,451
2024-11-20,2.5197653770446777,144.03501892089844,235028.59375,844,83
2024-11-21,3.155813694000244,230.49000549316406,294355.375,1423,179
2024-11-22,3.594736337661743,223.40499877929688,335295.4375,1883,195
2024-11-23,3.6210508346557617,191.9849853515625,337749.90625,1678,130
2024-11-24,4.718714237213135,396.3349914550781,440133.34375,1958,711
2024-11-25,8.513248443603516,358.8800354003906,794064.75,6536,1533
2024-11-26,8.502330780029297,288.7049560546875,793046.375,5022,1349
2024-11-27,6.462409019470215,361.73004150390625,602774.75,3852,1555
2024-11-28,6.567647457122803,347.29498291015625,612590.75,3350,1528
2024-11-29,7.661861896514893,277.2650146484375,714652.5,4481,1768
2024-11-30,5.706297874450684,205.64999389648438,532249.25,3018,679
2024-12-01,2.8480451107025146,270.9300231933594,265648.5625,1096,178
2024-12-02,2.7784528732299805,362.7850341796875,259157.40625,1189,527
2024-12-03,2.060647487640381,229.03997802734375,192204.828125,778,183
2024-12-04,0.9636176228523254,91.2249984741211,89880.46875,75,0
2024-12-05,1.528924584388733,153.364990234375,142608.90625,514,5
2024-12-06,2.1774468421936035,175.23997497558594,203099.171875,1140,240
2024-12-07,1.800964117050171,167.24000549316406,167983.125,781,17
2024-12-08,2.6702511310577393,186.0549774169922,249065.0,1055,190
2024-12-09,2.568786144256592,178.96498107910156,239600.953125,826,43
2024-12-10,3.337817430496216,305.1650085449219,311331.59375,1373,263
2024-12-11,1.8777214288711548,204.29501342773438,175142.59375,926,363
2024-12-12,2.698690176010132,140.64500427246094,251717.625,1435,134
2024-12-13,4.320754051208496,234.87997436523438,403014.03125,2107,655
2024-12-14,4.28580904006958,287.08502197265625,399754.5625,1375,316
2024-12-15,3.4798858165740967,194.3199920654297,324582.875,1258,196
2024-12-16,3.2136082649230957,281.0149841308594,299746.09375,1075,63
2024-12-17,3.7726402282714844,224.39999389648438,351889.25,1461,222
2024-12-18,3.6528310775756836,362.0550231933594,340714.15625,1786,519
2024-12-19,4.063024520874023,231.5500030517578,378974.53125,2341,601
2024-12-20,4.632814884185791,336.21502685546875,432121.1875,2297,509
2024-12-21,2.492943525314331,181.24501037597656,232526.8125,674,64
2024-12-22,1.0200440883636475,144.86001586914062,95143.59375,171,14
2024-12-23,1.32087242603302,137.83998107910156,123203.0546875,203,13
2024-12-24,0.8992032408714294,99.3899917602539,83872.28125,151,0
2024-12-25,0.5531322956085205,89.5199966430664,51592.86328125,56,0
2024-12-26,0.30975139141082764,36.989994049072266,28891.75,0,0
2024-12-27,1.4601095914840698,99.63499450683594,136190.265625,50,0
2024-12-28,1.1451363563537598,87.30001068115234,106811.453125,44,0
2024-12-29,1.6764144897460938,171.47998046875,156365.890625,443,18
2024-12-30,2.861565113067627,298.5799865722656,266909.625,1272,239
2024-12-31,1.511551022529602,180.72500610351562,140988.40625,471,59
