state,district,district_latitude,district_longitude,scene_id,acquisition_datetime,platform,orbit_state,instrument_mode,tiff_urls,has_vv,has_vh,download_status
West Bengal,Darjeeling,27.0377554,88.263176,S1A_IW_GRDH_1SDV_20241231T120554_20241231T120619_057236_070A4E_A800_COG,2024-12-31 12:05:54.251101+00:00,sentinel-1a,ascending,IW,s3://eodata/Sentinel-1/SAR/IW_GRDH_1S-COG/2024/12/31/S1A_IW_GRDH_1SDV_20241231T120554_20241231T120619_057236_070A4E_A800_COG.SAFE/measurement/s1a-iw-grd-vh-20241231t120554-20241231t120619-057236-070a4e-002-cog.tiff | s3://eodata/Sentinel-1/SAR/IW_GRDH_1S-COG/2024/12/31/S1A_IW_GRDH_1SDV_20241231T120554_20241231T120619_057236_070A4E_A800_COG.SAFE/measurement/s1a-iw-grd-vv-20241231t120554-20241231t120619-057236-070a4e-001-cog.tiff,True,True,PENDING
Assam,Barpeta,26.345941,91.039708,S1A_IW_GRDH_1SDV_20241231T120529_20241231T120554_057236_070A4E_9F0E_COG,2024-12-31 12:05:29.251246+00:00,sentinel-1a,ascending,IW,s3://eodata/Sentinel-1/SAR/IW_GRDH_1S-COG/2024/12/31/S1A_IW_GRDH_1SDV_20241231T120529_20241231T120554_057236_070A4E_9F0E_COG.SAFE/measurement/s1a-iw-grd-vh-20241231t120529-20241231t120554-057236-070a4e-002-cog.tiff | s3://eodata/Sentinel-1/SAR/IW_GRDH_1S-COG/2024/12/31/S1A_IW_GRDH_1SDV_20241231T120529_20241231T120554_057236_070A4E_9F0E_COG.SAFE/measurement/s1a-iw-grd-vv-20241231t120529-20241231t120554-057236-070a4e-001-cog.tiff,True,True,PENDING
Meghalaya,South Garo Hills,25.347969,90.5657773,S1A_IW_GRDH_1SDV_20241231T120504_20241231T120529_057236_070A4E_22FB_COG,2024-12-31 12:05:04.251392+00:00,sentinel-1a,ascending,IW,s3://eodata/Sentinel-1/SAR/IW_GRDH_1S-COG/2024/12/31/S1A_IW_GRDH_1SDV_20241231T120504_20241231T120529_057236_070A4E_22FB_COG.SAFE/measurement/s1a-iw-grd-vh-20241231t120504-20241231t120529-057236-070a4e-002-cog.tiff | s3://eodata/Sentinel-1/SAR/IW_GRDH_1S-COG/2024/12/31/S1A_IW_GRDH_1SDV_20241231T120504_20241231T120529_057236_070A4E_22FB_COG.SAFE/measurement/s1a-iw-grd-vv-20241231t120504-20241231t120529-057236-070a4e-001-cog.tiff,True,True,PENDING
Tripura,West Tripura,23.9153329,91.3879341,S1A_IW_GRDH_1SDV_20241231T120439_20241231T120504_057236_070A4E_C590_COG,2024-12-31 12:04:39.251538+00:00,sentinel-1a,ascending,IW,s3://eodata/Sentinel-1/SAR/IW_GRDH_1S-COG/2024/12/31/S1A_IW_GRDH_1SDV_20241231T120439_20241231T120504_057236_070A4E_C590_COG.SAFE/measurement/s1a-iw-grd-vh-20241231t120439-20241231t120504-057236-070a4e-002-cog.tiff | s3://eodata/Sentinel-1/SAR/IW_GRDH_1S-COG/2024/12/31/S1A_IW_GRDH_1SDV_20241231T120439_20241231T120504_057236_070A4E_C590_COG.SAFE/measurement/s1a-iw-grd-vv-20241231t120439-20241231t120504-057236-070a4e-001-cog.tiff,True,True,PENDING
Andaman and Nicobar,Andaman Islands,13.2277144,92.9394925,S1A_IW_GRDH_1SDV_20241231T120159_20241231T120224_057236_070A4C_DE83_COG,2024-12-31 12:01:59.613184+00:00,sentinel-1a,ascending,IW,s3://eodata/Sentinel-1/SAR/IW_GRDH_1S-COG/2024/12/31/S1A_IW_GRDH_1SDV_20241231T120159_20241231T120224_057236_070A4C_DE83_COG.SAFE/measurement/s1a-iw-grd-vh-20241231t120159-20241231t120224-057236-070a4c-002-cog.tiff | s3://eodata/Sentinel-1/SAR/IW_GRDH_1S-COG/2024/12/31/S1A_IW_GRDH_1SDV_20241231T120159_20241231T120224_057236_070A4C_DE83_COG.SAFE/measurement/s1a-iw-grd-vv-20241231t120159-20241231t120224-057236-070a4c-001-cog.tiff,True,True,PENDING
Andaman and Nicobar,Nicobar Islands,7.0000167,93.8110528,S1A_IW_GRDH_1SDV_20241231T120015_20241231T120044_057236_070A4C_FDC0_COG,2024-12-31 12:00:15.608316+00:00,sentinel-1a,ascending,IW,s3://eodata/Sentinel-1/SAR/IW_GRDH_1S-COG/2024/12/31/S1A_IW_GRDH_1SDV_20241231T120015_20241231T120044_057236_070A4C_FDC0_COG.SAFE/measurement/s1a-iw-grd-vh-20241231t120015-20241231t120044-057236-070a4c-002-cog.tiff | s3://eodata/Sentinel-1/SAR/IW_GRDH_1S-COG/2024/12/31/S1A_IW_GRDH_1SDV_20241231T120015_20241231T120044_057236_070A4C_FDC0_COG.SAFE/measurement/s1a-iw-grd-vv-20241231t120015-20241231t120044-057236-070a4c-001-cog.tiff,True,True,PENDING
Gujarat,Porbandar,21.6505229,69.6565371,S1A_IW_GRDH_1SDV_20241231T011110_20241231T011135_057229_070A0A_EEC9_COG,2024-12-31 01:11:10.388524+00:00,sentinel-1a,descending,IW,s3://eodata/Sentinel-1/SAR/IW_GRDH_1S-COG/2024/12/31/S1A_IW_GRDH_1SDV_20241231T011110_20241231T011135_057229_070A0A_EEC9_COG.SAFE/measurement/s1a-iw-grd-vh-20241231t011110-20241231t011135-057229-070a0a-002-cog.tiff | s3://eodata/Sentinel-1/SAR/IW_GRDH_1S-COG/2024/12/31/S1A_IW_GRDH_1SDV_20241231T011110_20241231T011135_057229_070A0A_EEC9_COG.SAFE/measurement/s1a-iw-grd-vv-20241231t011110-20241231t011135-057229-070a0a-001-cog.tiff,True,True,PENDING
Gujarat,Junagadh,21.5220416,70.4582458,S1A_IW_GRDH_1SDV_20241231T011045_20241231T011110_057229_070A0A_943D_COG,2024-12-31 01:10:45.388605+00:00,sentinel-1a,descending,IW,s3://eodata/Sentinel-1/SAR/IW_GRDH_1S-COG/2024/12/31/S1A_IW_GRDH_1SDV_20241231T011045_20241231T011110_057229_070A0A_943D_COG.SAFE/measurement/s1a-iw-grd-vh-20241231t011045-20241231t011110-057229-070a0a-002-cog.tiff | s3://eodata/Sentinel-1/SAR/IW_GRDH_1S-COG/2024/12/31/S1A_IW_GRDH_1SDV_20241231T011045_20241231T011110_057229_070A0A_943D_COG.SAFE/measurement/s1a-iw-grd-vv-20241231t011045-20241231t011110-057229-070a0a-001-cog.tiff,True,True,PENDING
Gujarat,Mahesana,23.6015557,72.3867981,S1A_IW_GRDH_1SDV_20241231T011020_20241231T011045_057229_070A0A_BC09_COG,2024-12-31 01:10:20.388645+00:00,sentinel-1a,descending,IW,s3://eodata/Sentinel-1/SAR/IW_GRDH_1S-COG/2024/12/31/S1A_IW_GRDH_1SDV_20241231T011020_20241231T011045_057229_070A0A_BC09_COG.SAFE/measurement/s1a-iw-grd-vh-20241231t011020-20241231t011045-057229-070a0a-002-cog.tiff | s3://eodata/Sentinel-1/SAR/IW_GRDH_1S-COG/2024/12/31/S1A_IW_GRDH_1SDV_20241231T011020_20241231T011045_057229_070A0A_BC09_COG.SAFE/measurement/s1a-iw-grd-vv-20241231t011020-20241231t011045-057229-070a0a-001-cog.tiff,True,True,PENDING
Rajasthan,Sirohi,24.8114047,72.8300257,S1A_IW_GRDH_1SDV_20241231T010955_20241231T011020_057229_070A0A_C6E1_COG,2024-12-31 01:09:55.388687+00:00,sentinel-1a,descending,IW,s3://eodata/Sentinel-1/SAR/IW_GRDH_1S-COG/2024/12/31/S1A_IW_GRDH_1SDV_20241231T010955_20241231T011020_057229_070A0A_C6E1_COG.SAFE/measurement/s1a-iw-grd-vh-20241231t010955-20241231t011020-057229-070a0a-002-cog.tiff | s3://eodata/Sentinel-1/SAR/IW_GRDH_1S-COG/2024/12/31/S1A_IW_GRDH_1SDV_20241231T010955_20241231T011020_057229_070A0A_C6E1_COG.SAFE/measurement/s1a-iw-grd-vv-20241231t010955-20241231t011020-057229-070a0a-001-cog.tiff,True,True,PENDING
Rajasthan,Jodhpur,26.2389,73.0243,S1A_IW_GRDH_1SDV_20241231T010930_20241231T010955_057229_070A0A_F40C_COG,2024-12-31 01:09:30.388722+00:00,sentinel-1a,descending,IW,s3://eodata/Sentinel-1/SAR/IW_GRDH_1S-COG/2024/12/31/S1A_IW_GRDH_1SDV_20241231T010930_20241231T010955_057229_070A0A_F40C_COG.SAFE/measurement/s1a-iw-grd-vh-20241231t010930-20241231t010955-057229-070a0a-002-cog.tiff | s3://eodata/Sentinel-1/SAR/IW_GRDH_1S-COG/2024/12/31/S1A_IW_GRDH_1SDV_20241231T010930_20241231T010955_057229_070A0A_F40C_COG.SAFE/measurement/s1a-iw-grd-vv-20241231t010930-20241231t010955-057229-070a0a-001-cog.tiff,True,True,PENDING
Rajasthan,Bikaner,28.0159286,73.3171367,S1A_IW_GRDH_1SDV_20241231T010905_20241231T010930_057229_070A0A_15FA_COG,2024-12-31 01:09:05.388767+00:00,sentinel-1a,descending,IW,s3://eodata/Sentinel-1/SAR/IW_GRDH_1S-COG/2024/12/31/S1A_IW_GRDH_1SDV_20241231T010905_20241231T010930_057229_070A0A_15FA_COG.SAFE/measurement/s1a-iw-grd-vh-20241231t010905-20241231t010930-057229-070a0a-002-cog.tiff | s3://eodata/Sentinel-1/SAR/IW_GRDH_1S-COG/2024/12/31/S1A_IW_GRDH_1SDV_20241231T010905_20241231T010930_057229_070A0A_15FA_COG.SAFE/measurement/s1a-iw-grd-vv-20241231t010905-20241231t010930-057229-070a0a-001-cog.tiff,True,True,PENDING
Rajasthan,Sri Ganganagar,29.4605539,73.5850528,S1A_IW_GRDH_1SDV_20241231T010840_20241231T010905_057229_070A0A_2D00_COG,2024-12-31 01:08:40.388817+00:00,sentinel-1a,descending,IW,s3://eodata/Sentinel-1/SAR/IW_GRDH_1S-COG/2024/12/31/S1A_IW_GRDH_1SDV_20241231T010840_20241231T010905_057229_070A0A_2D00_COG.SAFE/measurement/s1a-iw-grd-vh-20241231t010840-20241231t010905-057229-070a0a-002-cog.tiff | s3://eodata/Sentinel-1/SAR/IW_GRDH_1S-COG/2024/12/31/S1A_IW_GRDH_1SDV_20241231T010840_20241231T010905_057229_070A0A_2D00_COG.SAFE/measurement/s1a-iw-grd-vv-20241231t010840-20241231t010905-057229-070a0a-001-cog.tiff,True,True,PENDING
Jammu and Kashmir,Rajouri,33.3772495,74.3132332,S1A_IW_GRDH_1SDV_20241231T010750_20241231T010815_057229_070A0A_FF0A_COG,2024-12-31 01:07:50.388901+00:00,sentinel-1a,descending,IW,s3://eodata/Sentinel-1/SAR/IW_GRDH_1S-COG/2024/12/31/S1A_IW_GRDH_1SDV_20241231T010750_20241231T010815_057229_070A0A_FF0A_COG.SAFE/measurement/s1a-iw-grd-vh-20241231t010750-20241231t010815-057229-070a0a-002-cog.tiff | s3://eodata/Sentinel-1/SAR/IW_GRDH_1S-COG/2024/12/31/S1A_IW_GRDH_1SDV_20241231T010750_20241231T010815_057229_070A0A_FF0A_COG.SAFE/measurement/s1a-iw-grd-vv-20241231t010750-20241231t010815-057229-070a0a-001-cog.tiff,True,True,PENDING
Jammu and Kashmir,Srinagar,34.0747444,74.8204443,S1A_IW_GRDH_1SDV_20241231T010725_20241231T010750_057229_070A0A_BE8F_COG,2024-12-31 01:07:25.388931+00:00,sentinel-1a,descending,IW,s3://eodata/Sentinel-1/SAR/IW_GRDH_1S-COG/2024/12/31/S1A_IW_GRDH_1SDV_20241231T010725_20241231T010750_057229_070A0A_BE8F_COG.SAFE/measurement/s1a-iw-grd-vh-20241231t010725-20241231t010750-057229-070a0a-002-cog.tiff | s3://eodata/Sentinel-1/SAR/IW_GRDH_1S-COG/2024/12/31/S1A_IW_GRDH_1SDV_20241231T010725_20241231T010750_057229_070A0A_BE8F_COG.SAFE/measurement/s1a-iw-grd-vv-20241231t010725-20241231t010750-057229-070a0a-001-cog.tiff,True,True,PENDING
Jammu and Kashmir,Baramulla,34.2086903,74.343498,S1A_IW_GRDH_1SDV_20241230T130517_20241230T130542_057222_0709C1_5C17_COG,2024-12-30 13:05:17.162639+00:00,sentinel-1a,ascending,IW,s3://eodata/Sentinel-1/SAR/IW_GRDH_1S-COG/2024/12/30/S1A_IW_GRDH_1SDV_20241230T130517_20241230T130542_057222_0709C1_5C17_COG.SAFE/measurement/s1a-iw-grd-vh-20241230t130517-20241230t130542-057222-0709c1-002-cog.tiff | s3://eodata/Sentinel-1/SAR/IW_GRDH_1S-COG/2024/12/30/S1A_IW_GRDH_1SDV_20241230T130517_20241230T130542_057222_0709C1_5C17_COG.SAFE/measurement/s1a-iw-grd-vv-20241230t130517-20241230t130542-057222-0709c1-001-cog.tiff,True,True,PENDING
Jammu and Kashmir,Anantnag,33.74611,75.1854475,S1A_IW_GRDH_1SDV_20241230T130452_20241230T130517_057222_0709C1_2BB9_COG,2024-12-30 13:04:52.162708+00:00,sentinel-1a,ascending,IW,s3://eodata/Sentinel-1/SAR/IW_GRDH_1S-COG/2024/12/30/S1A_IW_GRDH_1SDV_20241230T130452_20241230T130517_057222_0709C1_2BB9_COG.SAFE/measurement/s1a-iw-grd-vh-20241230t130452-20241230t130517-057222-0709c1-002-cog.tiff | s3://eodata/Sentinel-1/SAR/IW_GRDH_1S-COG/2024/12/30/S1A_IW_GRDH_1SDV_20241230T130452_20241230T130517_057222_0709C1_2BB9_COG.SAFE/measurement/s1a-iw-grd-vv-20241230t130452-20241230t130517-057222-0709c1-001-cog.tiff,True,True,PENDING
Punjab,Muktsar,30.4692,74.5182,S1A_IW_GRDH_1SDV_20241230T130427_20241230T130452_057222_0709C1_0A97_COG,2024-12-30 13:04:27.162778+00:00,sentinel-1a,ascending,IW,s3://eodata/Sentinel-1/SAR/IW_GRDH_1S-COG/2024/12/30/S1A_IW_GRDH_1SDV_20241230T130427_20241230T130452_057222_0709C1_0A97_COG.SAFE/measurement/s1a-iw-grd-vh-20241230t130427-20241230t130452-057222-0709c1-002-cog.tiff | s3://eodata/Sentinel-1/SAR/IW_GRDH_1S-COG/2024/12/30/S1A_IW_GRDH_1SDV_20241230T130427_20241230T130452_057222_0709C1_0A97_COG.SAFE/measurement/s1a-iw-grd-vv-20241230t130427-20241230t130452-057222-0709c1-001-cog.tiff,True,True,PENDING
Haryana,Jind,29.3152073,76.314082,S1A_IW_GRDH_1SDV_20241230T130402_20241230T130427_057222_0709C1_4C8F_COG,2024-12-30 13:04:02.162847+00:00,sentinel-1a,ascending,IW,s3://eodata/Sentinel-1/SAR/IW_GRDH_1S-COG/2024/12/30/S1A_IW_GRDH_1SDV_20241230T130402_20241230T130427_057222_0709C1_4C8F_COG.SAFE/measurement/s1a-iw-grd-vh-20241230t130402-20241230t130427-057222-0709c1-002-cog.tiff | s3://eodata/Sentinel-1/SAR/IW_GRDH_1S-COG/2024/12/30/S1A_IW_GRDH_1SDV_20241230T130402_20241230T130427_057222_0709C1_4C8F_COG.SAFE/measurement/s1a-iw-grd-vv-20241230t130402-20241230t130427-057222-0709c1-001-cog.tiff,True,True,PENDING
Haryana,Mahendragarh,28.1326971,76.1697448,S1A_IW_GRDH_1SDV_20241230T130337_20241230T130402_057222_0709C1_D88F_COG,2024-12-30 13:03:37.162916+00:00,sentinel-1a,ascending,IW,s3://eodata/Sentinel-1/SAR/IW_GRDH_1S-COG/2024/12/30/S1A_IW_GRDH_1SDV_20241230T130337_20241230T130402_057222_0709C1_D88F_COG.SAFE/measurement/s1a-iw-grd-vh-20241230t130337-20241230t130402-057222-0709c1-002-cog.tiff | s3://eodata/Sentinel-1/SAR/IW_GRDH_1S-COG/2024/12/30/S1A_IW_GRDH_1SDV_20241230T130337_20241230T130402_057222_0709C1_D88F_COG.SAFE/measurement/s1a-iw-grd-vv-20241230t130337-20241230t130402-057222-0709c1-001-cog.tiff,True,True,PENDING
Rajasthan,Bhilwara,25.470994,74.6961316,S1A_IW_GRDH_1SDV_20241230T130312_20241230T130337_057222_0709C1_4963_COG,2024-12-30 13:03:12.162985+00:00,sentinel-1a,ascending,IW,s3://eodata/Sentinel-1/SAR/IW_GRDH_1S-COG/2024/12/30/S1A_IW_GRDH_1SDV_20241230T130312_20241230T130337_057222_0709C1_4963_COG.SAFE/measurement/s1a-iw-grd-vh-20241230t130312-20241230t130337-057222-0709c1-002-cog.tiff | s3://eodata/Sentinel-1/SAR/IW_GRDH_1S-COG/2024/12/30/S1A_IW_GRDH_1SDV_20241230T130312_20241230T130337_057222_0709C1_4963_COG.SAFE/measurement/s1a-iw-grd-vv-20241230t130312-20241230t130337-057222-0709c1-001-cog.tiff,True,True,PENDING
Rajasthan,Sawai Madhopur,26.2290186,76.3043561,S1A_IW_GRDH_1SDV_20241230T130243_20241230T130312_057222_0709C1_D6B7_COG,2024-12-30 13:02:43.337038+00:00,sentinel-1a,ascending,IW,s3://eodata/Sentinel-1/SAR/IW_GRDH_1S-COG/2024/12/30/S1A_IW_GRDH_1SDV_20241230T130243_20241230T130312_057222_0709C1_D6B7_COG.SAFE/measurement/s1a-iw-grd-vh-20241230t130243-20241230t130312-057222-0709c1-002-cog.tiff | s3://eodata/Sentinel-1/SAR/IW_GRDH_1S-COG/2024/12/30/S1A_IW_GRDH_1SDV_20241230T130243_20241230T130312_057222_0709C1_D6B7_COG.SAFE/measurement/s1a-iw-grd-vv-20241230t130243-20241230t130312-057222-0709c1-001-cog.tiff,True,True,PENDING
Tamil Nadu,Tirunelveli,8.7139,77.7567,S1A_IW_GRDH_1SDV_20241230T003334_20241230T003354_057214_07096B_21D4_COG,2024-12-30 00:33:34.823517+00:00,sentinel-1a,descending,IW,s3://eodata/Sentinel-1/SAR/IW_GRDH_1S-COG/2024/12/30/S1A_IW_GRDH_1SDV_20241230T003334_20241230T003354_057214_07096B_21D4_COG.SAFE/measurement/s1a-iw-grd-vh-20241230t003334-20241230t003354-057214-07096b-002-cog.tiff | s3://eodata/Sentinel-1/SAR/IW_GRDH_1S-COG/2024/12/30/S1A_IW_GRDH_1SDV_20241230T003334_20241230T003354_057214_07096B_21D4_COG.SAFE/measurement/s1a-iw-grd-vv-20241230t003334-20241230t003354-057214-07096b-001-cog.tiff,True,True,PENDING
Tamil Nadu,Ramanathapuram,9.5205576,78.5184635,S1A_IW_GRDH_1SDV_20241230T003309_20241230T003334_057214_07096B_8B63_COG,2024-12-30 00:33:09.824579+00:00,sentinel-1a,descending,IW,s3://eodata/Sentinel-1/SAR/IW_GRDH_1S-COG/2024/12/30/S1A_IW_GRDH_1SDV_20241230T003309_20241230T003334_057214_07096B_8B63_COG.SAFE/measurement/s1a-iw-grd-vh-20241230t003309-20241230t003334-057214-07096b-002-cog.tiff | s3://eodata/Sentinel-1/SAR/IW_GRDH_1S-COG/2024/12/30/S1A_IW_GRDH_1SDV_20241230T003309_20241230T003334_057214_07096B_8B63_COG.SAFE/measurement/s1a-iw-grd-vv-20241230t003309-20241230t003334-057214-07096b-001-cog.tiff,True,True,PENDING
Puducherry,Karaikal,10.91571,79.8375761,S1A_IW_GRDH_1SDV_20241230T003244_20241230T003309_057214_07096B_9203_COG,2024-12-30 00:32:44.824111+00:00,sentinel-1a,descending,IW,s3://eodata/Sentinel-1/SAR/IW_GRDH_1S-COG/2024/12/30/S1A_IW_GRDH_1SDV_20241230T003244_20241230T003309_057214_07096B_9203_COG.SAFE/measurement/s1a-iw-grd-vh-20241230t003244-20241230t003309-057214-07096b-002-cog.tiff | s3://eodata/Sentinel-1/SAR/IW_GRDH_1S-COG/2024/12/30/S1A_IW_GRDH_1SDV_20241230T003244_20241230T003309_057214_07096B_9203_COG.SAFE/measurement/s1a-iw-grd-vv-20241230t003244-20241230t003309-057214-07096b-001-cog.tiff,True,True,PENDING
Tamil Nadu,Tiruvannamalai,12.4289282,78.99915,S1A_IW_GRDH_1SDV_20241230T003219_20241230T003244_057214_07096B_FABF_COG,2024-12-30 00:32:19.823658+00:00,sentinel-1a,descending,IW,s3://eodata/Sentinel-1/SAR/IW_GRDH_1S-COG/2024/12/30/S1A_IW_GRDH_1SDV_20241230T003219_20241230T003244_057214_07096B_FABF_COG.SAFE/measurement/s1a-iw-grd-vh-20241230t003219-20241230t003244-057214-07096b-002-cog.tiff | s3://eodata/Sentinel-1/SAR/IW_GRDH_1S-COG/2024/12/30/S1A_IW_GRDH_1SDV_20241230T003219_20241230T003244_057214_07096B_FABF_COG.SAFE/measurement/s1a-iw-grd-vv-20241230t003219-20241230t003244-057214-07096b-001-cog.tiff,True,True,PENDING
Andhra Pradesh,Nellore,14.4493717,79.9873763,S1A_IW_GRDH_1SDV_20241230T003154_20241230T003219_057214_07096B_CDF3_COG,2024-12-30 00:31:54.824709+00:00,sentinel-1a,descending,IW,s3://eodata/Sentinel-1/SAR/IW_GRDH_1S-COG/2024/12/30/S1A_IW_GRDH_1SDV_20241230T003154_20241230T003219_057214_07096B_CDF3_COG.SAFE/measurement/s1a-iw-grd-vh-20241230t003154-20241230t003219-057214-07096b-002-cog.tiff | s3://eodata/Sentinel-1/SAR/IW_GRDH_1S-COG/2024/12/30/S1A_IW_GRDH_1SDV_20241230T003154_20241230T003219_057214_07096B_CDF3_COG.SAFE/measurement/s1a-iw-grd-vv-20241230t003154-20241230t003219-057214-07096b-001-cog.tiff,True,True,PENDING
Andhra Pradesh,Prakasam,15.5641955,80.0066786,S1A_IW_GRDH_1SDV_20241230T003129_20241230T003154_057214_07096B_20B1_COG,2024-12-30 00:31:29.824324+00:00,sentinel-1a,descending,IW,s3://eodata/Sentinel-1/SAR/IW_GRDH_1S-COG/2024/12/30/S1A_IW_GRDH_1SDV_20241230T003129_20241230T003154_057214_07096B_20B1_COG.SAFE/measurement/s1a-iw-grd-vh-20241230t003129-20241230t003154-057214-07096b-002-cog.tiff | s3://eodata/Sentinel-1/SAR/IW_GRDH_1S-COG/2024/12/30/S1A_IW_GRDH_1SDV_20241230T003129_20241230T003154_057214_07096B_20B1_COG.SAFE/measurement/s1a-iw-grd-vv-20241230t003129-20241230t003154-057214-07096b-001-cog.tiff,True,True,PENDING
Andhra Pradesh,Krishna,16.2135466,81.0277844,S1A_IW_GRDH_1SDV_20241230T003104_20241230T003129_057214_07096B_6BAE_COG,2024-12-30 00:31:04.823855+00:00,sentinel-1a,descending,IW,s3://eodata/Sentinel-1/SAR/IW_GRDH_1S-COG/2024/12/30/S1A_IW_GRDH_1SDV_20241230T003104_20241230T003129_057214_07096B_6BAE_COG.SAFE/measurement/s1a-iw-grd-vh-20241230t003104-20241230t003129-057214-07096b-002-cog.tiff | s3://eodata/Sentinel-1/SAR/IW_GRDH_1S-COG/2024/12/30/S1A_IW_GRDH_1SDV_20241230T003104_20241230T003129_057214_07096B_6BAE_COG.SAFE/measurement/s1a-iw-grd-vv-20241230t003104-20241230t003129-057214-07096b-001-cog.tiff,True,True,PENDING
Odisha,Malkangiri,18.2744685,81.9520316,S1A_IW_GRDH_1SDV_20241230T003039_20241230T003104_057214_07096B_4975_COG,2024-12-30 00:30:39.823409+00:00,sentinel-1a,descending,IW,s3://eodata/Sentinel-1/SAR/IW_GRDH_1S-COG/2024/12/30/S1A_IW_GRDH_1SDV_20241230T003039_20241230T003104_057214_07096B_4975_COG.SAFE/measurement/s1a-iw-grd-vh-20241230t003039-20241230t003104-057214-07096b-002-cog.tiff | s3://eodata/Sentinel-1/SAR/IW_GRDH_1S-COG/2024/12/30/S1A_IW_GRDH_1SDV_20241230T003039_20241230T003104_057214_07096B_4975_COG.SAFE/measurement/s1a-iw-grd-vv-20241230t003039-20241230t003104-057214-07096b-001-cog.tiff,True,True,PENDING
Chhattisgarh,Dhamtari,20.5326259,81.7155987,S1A_IW_GRDH_1SDV_20241230T003014_20241230T003039_057214_07096B_5BEF_COG,2024-12-30 00:30:14.824471+00:00,sentinel-1a,descending,IW,s3://eodata/Sentinel-1/SAR/IW_GRDH_1S-COG/2024/12/30/S1A_IW_GRDH_1SDV_20241230T003014_20241230T003039_057214_07096B_5BEF_COG.SAFE/measurement/s1a-iw-grd-vh-20241230t003014-20241230t003039-057214-07096b-002-cog.tiff | s3://eodata/Sentinel-1/SAR/IW_GRDH_1S-COG/2024/12/30/S1A_IW_GRDH_1SDV_20241230T003014_20241230T003039_057214_07096B_5BEF_COG.SAFE/measurement/s1a-iw-grd-vv-20241230t003014-20241230t003039-057214-07096b-001-cog.tiff,True,True,PENDING
Chhattisgarh,Kanker,20.2692747,81.4932111,S1A_IW_GRDH_1SDV_20241230T002949_20241230T003014_057214_07096B_8958_COG,2024-12-30 00:29:49.824029+00:00,sentinel-1a,descending,IW,s3://eodata/Sentinel-1/SAR/IW_GRDH_1S-COG/2024/12/30/S1A_IW_GRDH_1SDV_20241230T002949_20241230T003014_057214_07096B_8958_COG.SAFE/measurement/s1a-iw-grd-vh-20241230t002949-20241230t003014-057214-07096b-002-cog.tiff | s3://eodata/Sentinel-1/SAR/IW_GRDH_1S-COG/2024/12/30/S1A_IW_GRDH_1SDV_20241230T002949_20241230T003014_057214_07096B_8958_COG.SAFE/measurement/s1a-iw-grd-vv-20241230t002949-20241230t003014-057214-07096b-001-cog.tiff,True,True,PENDING
Madhya Pradesh,Dindori,22.9070871,80.8846924,S1A_IW_GRDH_1SDV_20241230T002924_20241230T002949_057214_07096B_4CD3_COG,2024-12-30 00:29:24.823595+00:00,sentinel-1a,descending,IW,s3://eodata/Sentinel-1/SAR/IW_GRDH_1S-COG/2024/12/30/S1A_IW_GRDH_1SDV_20241230T002924_20241230T002949_057214_07096B_4CD3_COG.SAFE/measurement/s1a-iw-grd-vh-20241230t002924-20241230t002949-057214-07096b-002-cog.tiff | s3://eodata/Sentinel-1/SAR/IW_GRDH_1S-COG/2024/12/30/S1A_IW_GRDH_1SDV_20241230T002924_20241230T002949_057214_07096B_4CD3_COG.SAFE/measurement/s1a-iw-grd-vv-20241230t002924-20241230t002949-057214-07096b-001-cog.tiff,True,True,PENDING
Uttar Pradesh,Chandauli,25.125695,83.2494601,S1A_IW_GRDH_1SDV_20241230T002859_20241230T002924_057214_07096B_E4B8_COG,2024-12-30 00:28:59.824664+00:00,sentinel-1a,descending,IW,s3://eodata/Sentinel-1/SAR/IW_GRDH_1S-COG/2024/12/30/S1A_IW_GRDH_1SDV_20241230T002859_20241230T002924_057214_07096B_E4B8_COG.SAFE/measurement/s1a-iw-grd-vh-20241230t002859-20241230t002924-057214-07096b-002-cog.tiff | s3://eodata/Sentinel-1/SAR/IW_GRDH_1S-COG/2024/12/30/S1A_IW_GRDH_1SDV_20241230T002859_20241230T002924_057214_07096B_E4B8_COG.SAFE/measurement/s1a-iw-grd-vv-20241230t002859-20241230t002924-057214-07096b-001-cog.tiff,True,True,PENDING
Uttar Pradesh,Jaunpur,25.7967065,82.4888992,S1A_IW_GRDH_1SDV_20241230T002834_20241230T002859_057214_07096B_38D7_COG,2024-12-30 00:28:34.824227+00:00,sentinel-1a,descending,IW,s3://eodata/Sentinel-1/SAR/IW_GRDH_1S-COG/2024/12/30/S1A_IW_GRDH_1SDV_20241230T002834_20241230T002859_057214_07096B_38D7_COG.SAFE/measurement/s1a-iw-grd-vh-20241230t002834-20241230t002859-057214-07096b-002-cog.tiff | s3://eodata/Sentinel-1/SAR/IW_GRDH_1S-COG/2024/12/30/S1A_IW_GRDH_1SDV_20241230T002834_20241230T002859_057214_07096B_38D7_COG.SAFE/measurement/s1a-iw-grd-vv-20241230t002834-20241230t002859-057214-07096b-001-cog.tiff,True,True,PENDING
Uttar Pradesh,Siddharthnagar,27.2511724,82.8716528,S1A_IW_GRDH_1SDV_20241230T002809_20241230T002834_057214_07096B_B190_COG,2024-12-30 00:28:09.823793+00:00,sentinel-1a,descending,IW,s3://eodata/Sentinel-1/SAR/IW_GRDH_1S-COG/2024/12/30/S1A_IW_GRDH_1SDV_20241230T002809_20241230T002834_057214_07096B_B190_COG.SAFE/measurement/s1a-iw-grd-vh-20241230t002809-20241230t002834-057214-07096b-002-cog.tiff | s3://eodata/Sentinel-1/SAR/IW_GRDH_1S-COG/2024/12/30/S1A_IW_GRDH_1SDV_20241230T002809_20241230T002834_057214_07096B_B190_COG.SAFE/measurement/s1a-iw-grd-vv-20241230t002809-20241230t002834-057214-07096b-001-cog.tiff,True,True,PENDING
Bihar,East Champaran,26.6393261,84.8990136,S1A_IW_GRDH_1SDV_20241229T122207_20241229T122232_057207_070921_749D_COG,2024-12-29 12:22:07.978776+00:00,sentinel-1a,ascending,IW,s3://eodata/Sentinel-1/SAR/IW_GRDH_1S-COG/2024/12/29/S1A_IW_GRDH_1SDV_20241229T122207_20241229T122232_057207_070921_749D_COG.SAFE/measurement/s1a-iw-grd-vh-20241229t122207-20241229t122232-057207-070921-002-cog.tiff | s3://eodata/Sentinel-1/SAR/IW_GRDH_1S-COG/2024/12/29/S1A_IW_GRDH_1SDV_20241229T122207_20241229T122232_057207_070921_749D_COG.SAFE/measurement/s1a-iw-grd-vv-20241229t122207-20241229t122232-057207-070921-001-cog.tiff,True,True,PENDING
Jharkhand,Koderma,24.4931239,85.5560811,S1A_IW_GRDH_1SDV_20241229T122142_20241229T122207_057207_070921_3D36_COG,2024-12-29 12:21:42.978220+00:00,sentinel-1a,ascending,IW,s3://eodata/Sentinel-1/SAR/IW_GRDH_1S-COG/2024/12/29/S1A_IW_GRDH_1SDV_20241229T122142_20241229T122207_057207_070921_3D36_COG.SAFE/measurement/s1a-iw-grd-vh-20241229t122142-20241229t122207-057207-070921-002-cog.tiff | s3://eodata/Sentinel-1/SAR/IW_GRDH_1S-COG/2024/12/29/S1A_IW_GRDH_1SDV_20241229T122142_20241229T122207_057207_070921_3D36_COG.SAFE/measurement/s1a-iw-grd-vv-20241229t122142-20241229t122207-057207-070921-001-cog.tiff,True,True,PENDING
Jharkhand,Deoghar,24.4898318,86.6990182,S1A_IW_GRDH_1SDV_20241229T122117_20241229T122142_057207_070921_CC08_COG,2024-12-29 12:21:17.977665+00:00,sentinel-1a,ascending,IW,s3://eodata/Sentinel-1/SAR/IW_GRDH_1S-COG/2024/12/29/S1A_IW_GRDH_1SDV_20241229T122117_20241229T122142_057207_070921_CC08_COG.SAFE/measurement/s1a-iw-grd-vh-20241229t122117-20241229t122142-057207-070921-002-cog.tiff | s3://eodata/Sentinel-1/SAR/IW_GRDH_1S-COG/2024/12/29/S1A_IW_GRDH_1SDV_20241229T122117_20241229T122142_057207_070921_CC08_COG.SAFE/measurement/s1a-iw-grd-vv-20241229t122117-20241229t122142-057207-070921-001-cog.tiff,True,True,PENDING
West Bengal,West Midnapore,22.4188528,87.307174,S1A_IW_GRDH_1SDV_20241229T122052_20241229T122117_057207_070921_68C9_COG,2024-12-29 12:20:52.978599+00:00,sentinel-1a,ascending,IW,s3://eodata/Sentinel-1/SAR/IW_GRDH_1S-COG/2024/12/29/S1A_IW_GRDH_1SDV_20241229T122052_20241229T122117_057207_070921_68C9_COG.SAFE/measurement/s1a-iw-grd-vh-20241229t122052-20241229t122117-057207-070921-002-cog.tiff | s3://eodata/Sentinel-1/SAR/IW_GRDH_1S-COG/2024/12/29/S1A_IW_GRDH_1SDV_20241229T122052_20241229T122117_057207_070921_68C9_COG.SAFE/measurement/s1a-iw-grd-vv-20241229t122052-20241229t122117-057207-070921-001-cog.tiff,True,True,PENDING
Odisha,Cuttack,20.4686,85.8792,S1A_IW_GRDH_1SDV_20241229T122027_20241229T122052_057207_070921_6827_COG,2024-12-29 12:20:27.978046+00:00,sentinel-1a,ascending,IW,s3://eodata/Sentinel-1/SAR/IW_GRDH_1S-COG/2024/12/29/S1A_IW_GRDH_1SDV_20241229T122027_20241229T122052_057207_070921_6827_COG.SAFE/measurement/s1a-iw-grd-vh-20241229t122027-20241229t122052-057207-070921-002-cog.tiff | s3://eodata/Sentinel-1/SAR/IW_GRDH_1S-COG/2024/12/29/S1A_IW_GRDH_1SDV_20241229T122027_20241229T122052_057207_070921_6827_COG.SAFE/measurement/s1a-iw-grd-vv-20241229t122027-20241229t122052-057207-070921-001-cog.tiff,True,True,PENDING
Odisha,Puri,19.8076083,85.8252538,S1A_IW_GRDH_1SDV_20241229T121958_20241229T122027_057207_070921_A324_COG,2024-12-29 12:19:58.968618+00:00,sentinel-1a,ascending,IW,s3://eodata/Sentinel-1/SAR/IW_GRDH_1S-COG/2024/12/29/S1A_IW_GRDH_1SDV_20241229T121958_20241229T122027_057207_070921_A324_COG.SAFE/measurement/s1a-iw-grd-vh-20241229t121958-20241229t122027-057207-070921-002-cog.tiff | s3://eodata/Sentinel-1/SAR/IW_GRDH_1S-COG/2024/12/29/S1A_IW_GRDH_1SDV_20241229T121958_20241229T122027_057207_070921_A324_COG.SAFE/measurement/s1a-iw-grd-vv-20241229t121958-20241229t122027-057207-070921-001-cog.tiff,True,True,PENDING
Mizoram,Lawngtlai,22.3913377,92.7397189,S1A_IW_GRDH_1SDV_20241228T234835_20241228T234900_057199_0708DE_CB00_COG,2024-12-28 23:48:35.935982+00:00,sentinel-1a,descending,IW,s3://eodata/Sentinel-1/SAR/IW_GRDH_1S-COG/2024/12/28/S1A_IW_GRDH_1SDV_20241228T234835_20241228T234900_057199_0708DE_CB00_COG.SAFE/measurement/s1a-iw-grd-vh-20241228t234835-20241228t234900-057199-0708de-002-cog.tiff | s3://eodata/Sentinel-1/SAR/IW_GRDH_1S-COG/2024/12/28/S1A_IW_GRDH_1SDV_20241228T234835_20241228T234900_057199_0708DE_CB00_COG.SAFE/measurement/s1a-iw-grd-vv-20241228t234835-20241228t234900-057199-0708de-001-cog.tiff,True,True,PENDING
Tripura,West Tripura,23.9153329,91.3879341,S1A_IW_GRDH_1SDV_20241228T234810_20241228T234835_057199_0708DE_036F_COG,2024-12-28 23:48:10.935258+00:00,sentinel-1a,descending,IW,s3://eodata/Sentinel-1/SAR/IW_GRDH_1S-COG/2024/12/28/S1A_IW_GRDH_1SDV_20241228T234810_20241228T234835_057199_0708DE_036F_COG.SAFE/measurement/s1a-iw-grd-vh-20241228t234810-20241228t234835-057199-0708de-002-cog.tiff | s3://eodata/Sentinel-1/SAR/IW_GRDH_1S-COG/2024/12/28/S1A_IW_GRDH_1SDV_20241228T234810_20241228T234835_057199_0708DE_036F_COG.SAFE/measurement/s1a-iw-grd-vv-20241228t234810-20241228t234835-057199-0708de-001-cog.tiff,True,True,PENDING
Mizoram,Mamit,23.7564387,92.4515374,S1A_IW_GRDH_1SDV_20241228T234745_20241228T234810_057199_0708DE_0BE9_COG,2024-12-28 23:47:45.936037+00:00,sentinel-1a,descending,IW,s3://eodata/Sentinel-1/SAR/IW_GRDH_1S-COG/2024/12/28/S1A_IW_GRDH_1SDV_20241228T234745_20241228T234810_057199_0708DE_0BE9_COG.SAFE/measurement/s1a-iw-grd-vh-20241228t234745-20241228t234810-057199-0708de-002-cog.tiff | s3://eodata/Sentinel-1/SAR/IW_GRDH_1S-COG/2024/12/28/S1A_IW_GRDH_1SDV_20241228T234745_20241228T234810_057199_0708DE_0BE9_COG.SAFE/measurement/s1a-iw-grd-vv-20241228t234745-20241228t234810-057199-0708de-001-cog.tiff,True,True,PENDING
Assam,Nagaon,26.3313646,92.7524763,S1A_IW_GRDH_1SDV_20241228T234720_20241228T234745_057199_0708DE_48B8_COG,2024-12-28 23:47:20.935338+00:00,sentinel-1a,descending,IW,s3://eodata/Sentinel-1/SAR/IW_GRDH_1S-COG/2024/12/28/S1A_IW_GRDH_1SDV_20241228T234720_20241228T234745_057199_0708DE_48B8_COG.SAFE/measurement/s1a-iw-grd-vh-20241228t234720-20241228t234745-057199-0708de-002-cog.tiff | s3://eodata/Sentinel-1/SAR/IW_GRDH_1S-COG/2024/12/28/S1A_IW_GRDH_1SDV_20241228T234720_20241228T234745_057199_0708DE_48B8_COG.SAFE/measurement/s1a-iw-grd-vv-20241228t234720-20241228t234745-057199-0708de-001-cog.tiff,True,True,PENDING
Arunachal Pradesh,Tawang,27.5879186,91.863733,S1A_IW_GRDH_1SDV_20241228T234655_20241228T234720_057199_0708DE_5DA4_COG,2024-12-28 23:46:55.936103+00:00,sentinel-1a,descending,IW,s3://eodata/Sentinel-1/SAR/IW_GRDH_1S-COG/2024/12/28/S1A_IW_GRDH_1SDV_20241228T234655_20241228T234720_057199_0708DE_5DA4_COG.SAFE/measurement/s1a-iw-grd-vh-20241228t234655-20241228t234720-057199-0708de-002-cog.tiff | s3://eodata/Sentinel-1/SAR/IW_GRDH_1S-COG/2024/12/28/S1A_IW_GRDH_1SDV_20241228T234655_20241228T234720_057199_0708DE_5DA4_COG.SAFE/measurement/s1a-iw-grd-vv-20241228t234655-20241228t234720-057199-0708de-001-cog.tiff,True,True,PENDING
Arunachal Pradesh,Upper Subansiri,28.2596054,94.0938106,S1A_IW_GRDH_1SDV_20241228T234630_20241228T234655_057199_0708DE_8D4A_COG,2024-12-28 23:46:30.935383+00:00,sentinel-1a,descending,IW,s3://eodata/Sentinel-1/SAR/IW_GRDH_1S-COG/2024/12/28/S1A_IW_GRDH_1SDV_20241228T234630_20241228T234655_057199_0708DE_8D4A_COG.SAFE/measurement/s1a-iw-grd-vh-20241228t234630-20241228t234655-057199-0708de-002-cog.tiff | s3://eodata/Sentinel-1/SAR/IW_GRDH_1S-COG/2024/12/28/S1A_IW_GRDH_1SDV_20241228T234630_20241228T234655_057199_0708DE_8D4A_COG.SAFE/measurement/s1a-iw-grd-vv-20241228t234630-20241228t234655-057199-0708de-001-cog.tiff,True,True,PENDING
Rajasthan,Jaisalmer,27.0264162,70.777512,S1A_IW_GRDH_1SDV_20241228T131951_20241228T132016_057193_07089E_BC35_COG,2024-12-28 13:19:51.344064+00:00,sentinel-1a,ascending,IW,s3://eodata/Sentinel-1/SAR/IW_GRDH_1S-COG/2024/12/28/S1A_IW_GRDH_1SDV_20241228T131951_20241228T132016_057193_07089E_BC35_COG.SAFE/measurement/s1a-iw-grd-vh-20241228t131951-20241228t132016-057193-07089e-002-cog.tiff | s3://eodata/Sentinel-1/SAR/IW_GRDH_1S-COG/2024/12/28/S1A_IW_GRDH_1SDV_20241228T131951_20241228T132016_057193_07089E_BC35_COG.SAFE/measurement/s1a-iw-grd-vv-20241228t131951-20241228t132016-057193-07089e-001-cog.tiff,True,True,PENDING
Rajasthan,Barmer,25.5814853,71.1924922,S1A_IW_GRDH_1SDV_20241228T131922_20241228T131951_057193_07089E_1019_COG,2024-12-28 13:19:22.562204+00:00,sentinel-1a,ascending,IW,s3://eodata/Sentinel-1/SAR/IW_GRDH_1S-COG/2024/12/28/S1A_IW_GRDH_1SDV_20241228T131922_20241228T131951_057193_07089E_1019_COG.SAFE/measurement/s1a-iw-grd-vh-20241228t131922-20241228t131951-057193-07089e-002-cog.tiff | s3://eodata/Sentinel-1/SAR/IW_GRDH_1S-COG/2024/12/28/S1A_IW_GRDH_1SDV_20241228T131922_20241228T131951_057193_07089E_1019_COG.SAFE/measurement/s1a-iw-grd-vv-20241228t131922-20241228t131951-057193-07089e-001-cog.tiff,True,True,PENDING
